Timestamp,Temp,Turbididty,Sal,ODO_mgL,Chlorophyll_ugL,BGA_PE_ugL,AirTemperature,RelativeHumidity,RelativeWindSpeed,Pressure,TotalPrecipitation,BuoyDewPoint
16-03-2026 00:00,27.99,-0.69,35.72,6.8,0.98,-0.67,27.1,79,6.3,1010.6,0,23.5
16-03-2026 00:10,28,-0.83,35.71,6.76,0.87,-0.85,27.2,79,5.57,1010.6,0,23.6
16-03-2026 00:20,27.95,-0.67,35.72,6.8,1.26,-0.18,27.1,79,7.29,1010.5,0,23.5
16-03-2026 00:30,27.96,-0.79,35.72,6.78,0.92,-0.87,27.1,79,7.26,1010.3,0,23.6
16-03-2026 00:40,27.99,-0.82,35.7,6.72,0.74,-0.83,27.2,79,6.86,1010.2,0,23.6
16-03-2026 00:50,27.98,-0.49,35.7,6.71,0.68,-1.39,27.1,80,5.81,1010,0,23.6
16-03-2026 01:00,27.96,-0.79,35.7,6.71,0.7,-1.09,27.2,80,6.5,1009.9,0,23.7
16-03-2026 01:10,27.94,-0.58,35.71,6.71,0.89,-0.84,27.2,79,4.18,1009.5,0,23.6
16-03-2026 01:20,27.88,-0.6,35.73,6.77,1.24,-0.61,27,79,5.66,1009.4,0,23.4
16-03-2026 01:30,27.86,-0.23,35.73,6.78,1.58,-0.11,27.2,80,5.38,1009.3,0,23.9
16-03-2026 01:40,27.82,-0.14,35.75,6.85,1.81,1.18,27.3,80,4.8,1009.3,0,23.9
16-03-2026 01:50,27.82,0,35.75,6.88,2.13,1.46,26.9,79,5.38,1009.1,0,23.2
16-03-2026 02:00,27.82,-0.39,35.74,6.85,1.9,0.95,27.1,79,4.23,1009,0,23.4
16-03-2026 02:10,27.81,-0.16,35.75,6.86,2.12,1.33,27.2,80,3.53,1009.1,0,23.8
16-03-2026 02:20,27.8,-0.07,35.75,6.83,2.17,1.85,27,80,4.08,1008.9,0,23.5
16-03-2026 02:30,27.8,-0.15,35.74,6.86,1.93,0.95,27,80,5.19,1008.8,0,23.5
16-03-2026 02:40,27.78,0.65,35.75,6.88,2.13,1.63,27,79,4.77,1008.7,0,23.3
16-03-2026 02:50,27.78,-0.03,35.75,6.89,2.47,2.34,26.8,78,4.66,1008.8,0,22.9
16-03-2026 03:00,27.77,0.02,35.74,6.89,2.8,2.19,27,78,5.17,1008.8,0,23.2
16-03-2026 03:10,27.77,0.03,35.75,6.89,2.29,1.64,27,78,5.28,1008.7,0,23.1
16-03-2026 03:20,27.77,0.22,35.74,6.87,2.51,2.07,27.2,78,4,1008.7,0,23.5
16-03-2026 03:30,27.78,-0.07,35.74,6.88,2.82,2.07,27,78,3.54,1008.8,0,23.3
16-03-2026 03:40,27.78,0.22,35.74,6.88,2.39,2.06,26.9,77,4.13,1008.8,0,22.9
16-03-2026 03:50,27.78,0.25,35.73,6.88,2.38,1.66,27,78,4.87,1008.8,0,23.1
16-03-2026 04:00,27.79,0.16,35.74,6.88,2.2,1.54,27,80,4.73,1008.8,0,23.5
16-03-2026 04:10,27.8,-0.08,35.73,6.87,2.37,1.67,26.5,81,2.69,1008.9,0,23.2
16-03-2026 04:20,27.77,-0.11,35.73,6.85,2.53,1.35,26.6,81,2.02,1008.9,0,23.5
16-03-2026 04:30,27.8,-0.31,35.73,6.82,1.58,0.32,26.6,81,2.36,1008.9,0,23.5
16-03-2026 04:40,27.83,-0.22,35.72,6.84,1.57,0.72,26.6,82,1.15,1008.9,0,23.5
16-03-2026 04:50,27.85,0,35.72,6.81,1.61,0.53,26.3,82,1.43,1009,0,23.3
16-03-2026 05:00,27.87,0.12,35.71,6.82,1.44,-0.03,26.4,82,1.74,1009.1,0,23.4
16-03-2026 05:10,27.87,-0.02,35.72,6.79,1.43,0.09,26.2,81,0.81,1009.1,0,23.1
16-03-2026 05:20,27.88,-0.03,35.71,6.79,1.4,0.1,26.3,83,1.7,1009.3,0,23.4
16-03-2026 05:30,27.89,-0.1,35.71,6.77,1.24,-0.22,26.1,83,1.51,1009.4,0,23.4
16-03-2026 05:40,27.68,1.35,35.44,6.47,4.27,3.43,25.8,84,2.45,1009.6,0,23.3
16-03-2026 05:50,27.88,0.02,35.71,6.74,1.2,0.1,25.6,85,1.87,1009.7,0,23.2
16-03-2026 06:00,27.51,2.76,35.21,6.27,4.84,6,25.6,85,3.04,1009.8,0,23.3
16-03-2026 06:10,27.56,2.63,35.21,6.31,5.59,5.74,25.6,85,2.03,1010.1,0,23.2
16-03-2026 06:20,27.48,3.09,35.03,6.3,6.47,3.39,25.7,85,2.65,1010.2,0,23.4
16-03-2026 06:30,27.44,3.45,34.87,6.28,7.49,7.25,25.7,86,2.09,1010.3,0,23.4
16-03-2026 06:40,27.47,3.05,34.94,6.25,5.94,6.7,25.7,86,2.79,1010.4,0,23.4
16-03-2026 06:50,27.49,2.2,35.11,6.28,5.07,5.04,25.5,86,1.43,1010.6,0,23.3
16-03-2026 07:00,27.49,2.25,35.17,6.31,4.74,4.3,25.4,86,1.38,1010.8,0,23.2
16-03-2026 07:10,27.54,2.2,35.22,6.37,4.3,4.01,25.8,85,1.6,1011.1,0,23.4
16-03-2026 07:20,27.54,1.9,35.27,6.38,3.83,3.25,26.1,84,1.89,1011.3,0,23.5
16-03-2026 07:30,27.59,1.97,35.2,6.38,3.9,3.13,26.1,83,2.29,1011.4,0,23.4
16-03-2026 07:40,27.66,1.81,35.29,6.45,3.21,2.9,26.2,83,3.27,1011.5,0,23.4
16-03-2026 07:50,27.54,3.03,35.03,6.35,4.43,4.23,26.3,82,2.21,1011.6,0,23.3
16-03-2026 08:00,27.53,3.48,34.97,6.31,4.25,4.52,26.7,81,1.23,1011.7,0,23.6
16-03-2026 08:10,27.59,3.03,35.02,6.34,3.98,3.85,26.9,80,1.15,1011.9,0,23.5
16-03-2026 08:20,27.66,3.11,35.08,6.42,3.59,3.49,26.9,79,1.2,1012,0,23.3
16-03-2026 08:30,27.72,3.25,35.07,6.45,3.64,3.42,26.9,79,2.46,1012.1,0,23.4
16-03-2026 08:40,27.72,2.69,35.12,6.45,2.95,2.49,26.8,80,3.39,1012.2,0,23.5
16-03-2026 08:50,27.85,2.48,35.21,6.47,2.29,1.69,26.9,80,2.85,1012.4,0,23.5
16-03-2026 09:00,27.91,2.43,35.2,6.49,2.45,1.96,27,80,2.66,1012.5,0,23.6
16-03-2026 09:10,27.97,2.41,35.2,6.55,2.15,1.68,26.9,79,2.8,1012.6,0,23.3
16-03-2026 09:20,28.02,1.71,35.3,6.62,1.74,1.04,27.1,79,2.79,1012.7,0,23.5
16-03-2026 09:30,28.07,1.22,35.37,6.63,1.39,0.07,27.2,79,3.05,1012.7,0,23.6
16-03-2026 09:40,28.11,1.65,35.36,6.59,1.33,0.09,27,79,2.92,1012.8,0,23.4
16-03-2026 09:50,28.69,14.22,29.46,4.96,2.77,2.63,27.2,78,2.68,1012.8,0,23.4
16-03-2026 10:00,28.66,14.87,29.68,5.56,2.31,1.86,27.3,79,3.67,1012.8,0,23.6
16-03-2026 10:10,28.34,2.11,35.1,6.7,1.92,1.44,27.1,78,2.46,1012.7,0,23.3
16-03-2026 10:20,28.58,2.32,35.13,6.82,1.94,1.21,27.2,78,3.59,1012.7,0,23.3
16-03-2026 10:30,28.57,2.1,35.03,6.81,2.06,1.75,27.3,79,3.86,1012.6,0,23.5
16-03-2026 10:40,28.58,2.48,35.11,6.78,2,1.52,27.5,78,4.28,1012.6,0,23.6
16-03-2026 10:50,28.6,1.89,35.24,6.85,1.77,1.15,27.2,77,4.04,1012.6,0,23.2
16-03-2026 11:00,28.61,1.43,35.29,6.88,1.5,0.78,27.3,78,4.29,1012.5,0,23.4
16-03-2026 11:10,28.6,1.11,35.39,6.82,1.15,-0.11,27.3,77,3.49,1012.5,0,23.2
16-03-2026 11:20,28.64,0.72,35.46,6.8,0.86,-0.49,27.4,77,5.15,1012.4,0,23.4
16-03-2026 11:30,28.54,0.4,35.52,6.86,0.94,-0.56,27.4,78,4.17,1012.2,0,23.6
16-03-2026 11:40,28.55,0.5,35.54,6.87,0.64,-1.16,27.4,78,4.28,1011.9,0,23.5
16-03-2026 11:50,28.52,0.29,35.55,6.94,0.73,-0.73,27.3,77,5.96,1011.7,0,23.3
16-03-2026 12:00,28.5,0.38,35.58,6.93,0.56,-1.1,27.5,78,5.89,1011.5,0,23.7
16-03-2026 12:10,28.5,0.28,35.59,6.94,0.87,-0.9,27.3,77,5.87,1011.4,0,23.3
16-03-2026 12:20,28.54,0.07,35.59,6.91,0.58,-0.89,27.4,77,5.87,1011.2,0,23.5
16-03-2026 12:30,28.53,0.21,35.59,6.94,0.76,-0.92,27.3,77,5.63,1011,0,23.3
16-03-2026 12:40,28.47,0.11,35.6,6.94,0.84,-1.04,27.5,78,4.93,1010.8,0,23.6
16-03-2026 12:50,28.43,0.08,35.61,6.98,0.46,-1.27,27.3,79,5.99,1010.6,0,23.6
16-03-2026 13:00,28.36,-0.14,35.62,6.96,0.51,-1.37,27.7,79,3.93,1010.4,0,24.1
16-03-2026 13:10,28.37,-0.06,35.63,6.93,0.42,-1.52,27.7,77,5.88,1010.1,0,23.7
16-03-2026 13:20,28.33,-0.2,35.64,6.92,0.3,-1.78,27.5,76,5.7,1009.8,0,23.3
16-03-2026 13:30,28.33,-0.23,35.65,6.89,0.27,-1.64,27.6,76,5.97,1009.6,0,23.3
16-03-2026 13:40,28.43,-0.23,35.64,6.83,0.23,-1.93,27.7,76,4.88,1009.4,0,23.3
16-03-2026 13:50,28.38,-0.4,35.63,6.87,0.14,-1.87,27.6,74,6.69,1009.2,0,23
16-03-2026 14:00,28.41,-0.52,35.54,6.68,-0.03,-2.11,27.8,76,6.24,1009.1,0,23.5
16-03-2026 14:10,28.33,-0.59,35.54,6.74,0.11,-1.97,27.6,76,7.21,1008.9,0,23.2
16-03-2026 14:20,28.31,-0.71,35.54,6.7,0.17,-1.95,27.5,75,6.66,1008.7,0,23
16-03-2026 14:30,28.27,-0.54,35.55,6.75,0.2,-1.95,27.6,76,5.8,1008.5,0,23.3
16-03-2026 14:40,28.27,-0.58,35.57,6.77,0.29,-1.45,27.5,76,5.48,1008.3,0,23.2
16-03-2026 14:50,28.43,-0.4,35.54,6.76,0.05,-1.86,27.9,77,6.4,1008.2,0,23.8
16-03-2026 15:00,28.4,-0.65,35.52,6.74,0,-1.9,27.5,77,7.02,1008.1,0,23.4
16-03-2026 15:10,28.41,-0.66,35.51,6.7,0.07,-1.98,27.6,77,4.8,1007.8,0,23.5
16-03-2026 15:20,28.37,-0.83,35.52,6.72,0,-2.13,27.7,77,5.58,1007.9,0,23.7
16-03-2026 15:30,28.33,-0.68,35.52,6.73,0.19,-2.05,27.6,76,5.92,1007.7,0,23.4
16-03-2026 15:40,28.28,-0.62,35.53,6.76,0.11,-2.03,27.4,77,7.03,1007.7,0,23.3
16-03-2026 15:50,28.27,-0.54,35.54,6.81,0.3,-1.8,27.7,77,6.1,1007.6,0,23.5
16-03-2026 16:00,28.28,-0.01,35.53,6.78,0.68,-1.64,27.7,77,5.3,1007.5,0,23.8
16-03-2026 16:10,28.28,0.2,35.5,6.78,0.37,-1.56,27.5,77,6.12,1007.5,0,23.4
16-03-2026 16:20,28.22,-0.49,35.53,6.8,0.55,-1.4,27.6,77,7.15,1007.5,0,23.5
16-03-2026 16:30,28.2,-0.38,35.54,6.82,0.67,-1.22,27.7,78,5.56,1007.4,0,23.8
16-03-2026 16:40,28.18,-0.41,35.55,6.85,0.71,-0.96,27.7,77,6.6,1007.4,0,23.7
16-03-2026 16:50,28.2,-0.26,35.55,6.88,1.07,-0.41,28.1,79,5.66,1007.4,0,24.4
16-03-2026 17:00,28.21,-0.29,35.55,6.91,1.42,0.05,27.7,77,6.96,1007.3,0,23.6
16-03-2026 17:10,28.2,-0.32,35.55,6.91,1.35,-0.57,27.8,79,6.42,1007.4,0,24.1
16-03-2026 17:20,28.2,-0.15,35.54,6.94,1.57,0.14,27.8,77,5.71,1007.5,0,23.7
16-03-2026 17:30,28.18,0.19,35.55,6.93,1.72,0.28,27.6,77,6.43,1007.7,0,23.7
16-03-2026 17:40,28.19,-0.21,35.54,6.94,1.74,0.39,27.6,77,7.87,1007.8,0,23.5
16-03-2026 17:50,28.18,0.45,35.55,7.08,2.35,1.59,27.6,78,6.11,1007.9,0,23.7
16-03-2026 18:00,28.16,-0.13,35.54,6.96,1.74,0.55,27.6,77,5.91,1008,0,23.5
16-03-2026 18:10,28.13,0.2,35.53,6.84,1.61,0.09,27.7,77,4.97,1008.1,0,23.6
16-03-2026 18:20,28.11,0.16,35.53,6.85,1.49,0.23,27.8,77,6.16,1008.2,0,23.7
16-03-2026 18:30,28.1,0.16,35.53,6.84,1.61,0.37,27.9,77,4.9,1008.3,0,23.8
16-03-2026 18:40,28.08,0.2,35.53,6.82,2.06,0.83,28,78,5.63,1008.4,0,24.1
16-03-2026 18:50,28.07,-0.07,35.53,6.78,1.46,-0.03,27.5,77,6.03,1008.5,0,23.4
16-03-2026 19:00,28.09,-0.08,35.53,6.79,1.4,0.15,27.8,77,6.8,1008.7,0,23.8
16-03-2026 19:10,28.08,-0.17,35.53,6.77,1.52,0.13,27.9,78,5.2,1008.8,0,23.9
16-03-2026 19:20,28.06,0.27,35.53,6.73,2.09,0.64,28.1,78,5.11,1009,0,24.1
16-03-2026 19:30,28.05,0.65,35.53,6.72,1.73,0.67,27.6,77,5.95,1009.1,0,23.4
16-03-2026 19:40,28.02,0.31,35.52,6.71,2.08,0.9,27.7,77,6.06,1009.2,0,23.7
16-03-2026 19:50,28.02,0.12,35.52,6.69,1.53,0.22,28,78,4.89,1009.4,0,24.1
16-03-2026 20:00,28.06,0.04,35.52,6.73,1.51,0.39,27.6,77,7.43,1009.5,0,23.4
16-03-2026 20:10,28.21,0.21,35.52,7.27,2.65,1.66,27.9,77,6.71,1009.6,0,23.9
16-03-2026 20:20,28.22,0.21,35.52,7.38,3.32,2.97,27.9,77,6.2,1009.7,0,23.8
16-03-2026 20:30,28.24,0.06,35.51,7.43,2.87,2.76,27.9,78,4.34,1009.7,0,23.9
16-03-2026 20:40,28.27,-0.09,35.51,7.49,3.34,3.11,27.7,77,5.74,1009.9,0,23.7
16-03-2026 20:50,28.25,0.03,35.51,7.49,2.99,3.02,27.8,78,4.74,1010,0,23.9
16-03-2026 21:00,28.26,-0.09,35.5,7.5,2.96,2.85,27.9,78,6.37,1010.1,0,24
16-03-2026 21:10,28.26,-0.06,35.5,7.49,2.84,3.1,27.9,80,6.12,1010.1,0,24.5
16-03-2026 21:20,28.28,-0.11,35.5,7.5,3.28,2.99,27.6,79,5.31,1010.2,0,23.8
16-03-2026 21:30,28.3,0.06,35.5,7.55,3.09,3.27,27.8,79,5.86,1010.2,0,24.1
16-03-2026 21:40,28.27,0.14,35.49,7.54,3.54,4.29,27.8,80,5.99,1010.2,0,24.3
16-03-2026 21:50,28.24,-0.07,35.49,7.43,2.87,2.91,27.3,78,6.32,1010.2,0,23.6
16-03-2026 22:00,28.17,0.01,35.49,7.26,2.47,2.12,27.7,80,4.43,1010.3,0,24.3
16-03-2026 22:10,28.09,-0.06,35.49,7.05,2.19,1.18,27.6,78,5.93,1010.4,0,23.8
16-03-2026 22:20,28.13,-0.24,35.48,7.17,2.19,1.49,27.4,79,6.3,1010.4,0,23.7
16-03-2026 22:30,28.12,-0.4,35.48,7.14,2.12,1.62,27.6,79,7.57,1010.4,0,24
16-03-2026 22:40,28.13,-0.08,35.48,7.14,2.37,1.86,27.4,80,4.87,1010.3,0,23.9
16-03-2026 22:50,28.13,-0.28,35.48,7.13,2,0.78,27.4,79,7.55,1010.3,0,23.9
16-03-2026 23:00,28.15,-0.26,35.47,7.2,2.58,1.7,27.5,78,6.51,1010.4,0,23.7
16-03-2026 23:10,28.14,-0.18,35.47,7.19,2.25,1.54,27.3,78,6.41,1010.3,0,23.5
16-03-2026 23:20,28.15,-0.36,35.47,7.2,2.38,1.13,27.6,79,4.02,1010.5,0,24
16-03-2026 23:30,28.15,-0.25,35.47,7.22,2.36,1.65,27.7,79,4.94,1010.4,0,24
16-03-2026 23:40,28.17,-0.45,35.46,7.27,2.56,1.88,27.6,78,6.36,1010.4,0,23.8
16-03-2026 23:50,28.18,-0.3,35.45,7.28,2.31,1.88,27.5,78,4.78,1010.3,0,23.7
17-03-2026 00:00,28.18,-0.23,35.45,7.28,2.67,1.84,27.5,79,5.19,1010.3,0,23.7
17-03-2026 00:10,28.16,-0.22,35.45,7.24,2.41,1.6,27.4,78,7.01,1010.2,0,23.6
17-03-2026 00:20,28.14,-0.13,35.45,7.2,2.56,1.81,27.5,79,5.44,1010.1,0,23.8
17-03-2026 00:30,28.09,-0.23,35.45,7.15,2.71,1.37,27.5,79,5.66,1010.2,0,23.9
17-03-2026 00:40,28.09,-0.3,35.45,7.14,2.38,1.73,27.2,79,5.21,1010,0,23.6
17-03-2026 00:50,28.06,-0.21,35.44,7.09,2.15,1.47,27.4,78,5.56,1010,0,23.6
17-03-2026 01:00,28.03,0.1,35.44,7.08,2.16,1.71,27.3,78,5.55,1009.9,0,23.5
17-03-2026 01:10,28.05,0.05,35.44,7.08,2.34,1.71,27.2,80,5.34,1009.5,0,23.8
17-03-2026 01:20,28.06,0,35.44,7,1.94,0.83,27.2,80,4.04,1009.4,0,23.7
17-03-2026 01:30,28.1,-0.1,35.43,7.15,2.86,2.66,27.1,78,4.14,1009.3,0,23.2
17-03-2026 01:40,28.11,-0.18,35.43,7.14,2.55,2.07,27.4,79,4.57,1009.2,0,23.8
17-03-2026 01:50,28.11,-0.17,35.42,7.16,2.64,2.19,27.1,79,3.73,1009.1,0,23.5
17-03-2026 02:00,28.12,-0.13,35.43,7.14,3.1,2.68,27.3,79,4.98,1009.1,0,23.6
17-03-2026 02:10,28.12,-0.01,35.42,7.11,2.61,2.01,27.2,79,3.69,1009,0,23.5
17-03-2026 02:20,28.11,0.12,35.42,7.1,2.5,2.29,27.2,79,4.13,1008.9,0,23.6
17-03-2026 02:30,28.14,0.26,35.41,7.01,3.1,2.92,27.2,79,2.79,1008.9,0,23.6
17-03-2026 02:40,28.11,0.62,35.41,6.86,3.27,3.29,27.2,79,2.58,1008.5,0,23.6
17-03-2026 02:50,28.1,0.49,35.4,6.84,2.96,2.89,27,79,3.84,1008.5,0,23.4
17-03-2026 03:00,28.06,0.3,35.4,6.93,3.1,3.22,27.1,79,4.18,1008.5,0,23.5
17-03-2026 03:10,28.01,0.19,35.4,7.06,2.79,2.56,27.3,79,4.39,1008.4,0,23.7
17-03-2026 03:20,27.99,0.04,35.41,6.96,3,2.4,27.2,78,3.98,1008.5,0,23.4
17-03-2026 03:30,28.01,0.01,35.4,7.02,2.31,1.56,27.1,79,4.68,1008.5,0,23.4
17-03-2026 03:40,27.99,0.12,35.4,6.99,2.37,1.52,27.1,79,4.82,1008.4,0,23.5
17-03-2026 03:50,27.99,0.36,35.4,6.9,2.9,1.73,27.5,79,4.69,1008.4,0,23.8
17-03-2026 04:00,27.97,0.33,35.4,6.85,2.47,1.85,27.1,78,5.43,1008.3,0,23.3
17-03-2026 04:10,27.97,0.16,35.39,6.86,2.16,1.33,27.2,78,4.99,1008.2,0,23.4
17-03-2026 04:20,28,-0.07,35.39,6.98,2.18,1.85,27.2,78,4.23,1008.1,0,23.5
17-03-2026 04:30,28.01,0.29,35.38,7.01,2.57,2.46,27.3,79,4.63,1008.2,0,23.7
17-03-2026 04:40,28,-0.06,35.38,6.94,2.43,1.5,27,78,4.49,1008.1,0,23.2
17-03-2026 04:50,28.11,1.5,35.31,6.71,3.43,5.52,27.1,78,5.69,1008.1,0,23.3
17-03-2026 05:00,28.11,1.87,35.31,6.73,4.7,5.72,27.1,80,3.41,1008.3,0,23.7
17-03-2026 05:10,28.1,1.85,35.3,6.71,4.35,5.78,26.8,81,3.59,1008.2,0,23.5
17-03-2026 05:20,28.1,1.07,35.32,6.86,4.23,4.91,26.7,81,2.38,1008.3,0,23.5
17-03-2026 05:30,28.08,0.84,35.33,6.99,3.6,4.24,27,82,3.33,1008.4,0,23.9
17-03-2026 05:40,28.03,1.39,35.11,6.74,6.15,6.2,26.7,82,4.04,1008.7,0,23.7
17-03-2026 05:50,28.01,3.13,34.81,6.47,6.23,7.45,26.5,82,2.74,1008.8,0,23.5
17-03-2026 06:00,27.93,3.5,34.51,6.37,7.68,8.91,26.6,82,2.74,1008.8,0,23.5
17-03-2026 06:10,27.98,3.41,34.6,6.38,7.61,8.97,26.8,82,3.27,1009.1,0,23.8
17-03-2026 06:20,27.82,4.7,33.91,6.35,10.1,9.42,26.5,81,3.02,1009.1,0,23.4
17-03-2026 06:30,27.85,5.21,33.76,6.34,10.75,12.24,26.5,82,3.24,1009,0,23.5
17-03-2026 06:40,27.81,4.13,34.02,6.26,9.56,10.41,26.8,79,4.02,1009.2,0,23.3
17-03-2026 06:50,27.9,4.08,34.36,6.31,11.9,10,27.2,77,4.3,1009.4,0,23.3
17-03-2026 07:00,27.88,3.63,34.49,6.36,7.7,9.79,27.1,80,3.61,1009.6,0,23.7
17-03-2026 07:10,27.91,4.01,34.51,6.38,8.43,10.73,26.9,80,2.56,1009.9,0,23.5
17-03-2026 07:20,27.9,4.12,34.41,6.36,8.54,10.09,26.7,79,2.31,1010.1,0,23.2
17-03-2026 07:30,27.88,4.18,34.43,6.38,7.82,11.3,26.8,80,2.03,1010.3,0,23.4
17-03-2026 07:40,27.94,4.33,34.43,6.4,7.71,10.43,26.8,80,2.48,1010.5,0,23.4
17-03-2026 07:50,27.85,5.36,34.21,6.47,8.88,11.64,27,80,1.94,1010.7,0,23.5
17-03-2026 08:00,27.86,6.48,33.9,6.47,10.08,13.3,26.9,79,2.81,1010.8,0,23.2
17-03-2026 08:10,27.9,6.38,33.97,6.49,9.48,13.26,26.9,79,2.72,1011,0,23.2
17-03-2026 08:20,27.96,5.52,34.29,6.51,7.13,9.28,27.1,78,2.59,1011.1,0,23.2
17-03-2026 08:30,28,3.97,34.54,6.54,5.27,7.15,27.4,78,2.67,1011.3,0,23.5
17-03-2026 08:40,28.03,3.91,34.61,6.56,3.04,5.66,27.5,78,3.32,1011,0,23.6
17-03-2026 08:50,28.11,3.23,34.95,6.65,3.78,4.73,27.5,78,4.11,1010.9,0,23.6
17-03-2026 09:00,28.12,2.96,35.03,6.67,3.29,3.6,27.3,78,4.4,1011.1,0,23.3
17-03-2026 09:10,28.12,2.69,35.11,6.7,3.05,3.09,27.4,76,3.28,1011.3,0,23.2
17-03-2026 09:20,28.16,3.03,35.1,6.68,2.7,2.83,27.6,77,3.79,1011.5,0,23.6
17-03-2026 09:30,28.17,2.92,35.08,6.7,2.49,2.25,27.4,76,3.68,1011.6,0,23.2
17-03-2026 09:40,28.2,2.61,35.12,6.7,2.38,2.14,27.2,75,3.68,1011.6,0,22.9
17-03-2026 09:50,28.19,2.53,35.16,6.68,2.04,1.48,27.6,76,3.75,1011.6,0,23.4
17-03-2026 10:00,28.2,1.91,35.19,6.7,1.68,1.11,27.8,77,2.38,1011.7,0,23.8
17-03-2026 10:10,28.26,1.96,35.2,6.73,1.66,1.11,27.5,76,2.84,1011.7,0,23.2
17-03-2026 10:20,28.47,2.89,35.13,6.85,2.17,2.17,27.7,76,2,1011.7,0,23.3
17-03-2026 10:30,28.58,3.53,35.09,6.95,2.84,3.02,27.9,75,2.85,1011.8,0,23.5
17-03-2026 10:40,28.66,4.36,35.08,6.99,2.84,3.43,27.8,75,1.36,1011.6,0,23.2
17-03-2026 10:50,29.24,9.96,30.09,4.74,3.64,4.78,27.7,75,2.29,1011.5,0,23.1
17-03-2026 11:00,29.43,10.67,29.25,4.48,3.06,3.66,27.5,75,3.21,1011.3,0,23.1
17-03-2026 11:10,29.08,6.98,32.94,5.85,3.6,4.92,27.6,74,3.4,1011.3,0,22.9
17-03-2026 11:20,29.33,7.29,31.91,5.54,3.13,3.84,27.8,73,3.49,1011.1,0,22.9
17-03-2026 11:30,29.68,11.96,29.67,4.72,3.37,4.18,27.6,74,3.95,1011.1,0,22.9
17-03-2026 11:40,29.07,6,33.78,6.4,2.96,4.36,28.1,75,3.1,1010.9,0,23.6
17-03-2026 11:50,29.06,3.87,34.08,6.56,2.28,2.18,27.7,74,3.66,1010.6,0,23.1
17-03-2026 12:00,28.93,2.81,35.2,7.19,2.3,2.24,27.7,74,3.56,1010.5,0,23
17-03-2026 12:10,28.91,2.73,35.19,7.24,2.45,1.86,27.8,75,4.77,1010.4,0,23.3
17-03-2026 12:20,28.89,2.84,35.21,7.33,3.11,3.6,27.7,74,4.02,1010.1,0,23.1
17-03-2026 12:30,28.8,2.42,35.21,7.31,2.4,2.5,27.7,74,3.62,1010.1,0,22.9
17-03-2026 12:40,28.86,2.18,35.23,7.29,1.79,1.31,27.7,73,3.74,1009.9,0,22.7
17-03-2026 12:50,28.9,2.28,35.22,7.3,2.11,2.15,27.8,73,4.46,1009.8,0,22.8
17-03-2026 13:00,28.86,2,35.21,7.29,1.64,0.98,27.8,71,4.61,1009.7,0,22.5
17-03-2026 13:10,28.83,1.98,35.23,7.32,2.02,1.61,28,74,4.47,1009.6,0,23.2
17-03-2026 13:20,28.81,1.37,35.22,7.26,1.33,0.39,27.8,74,5.62,1009.5,0,23.2
17-03-2026 13:30,28.91,1.46,35.24,7.29,1.25,0.41,28,74,4.7,1009.4,0,23.3
17-03-2026 13:40,28.89,1.46,35.25,7.38,1.46,0.8,28.1,74,4.05,1009.3,0,23.4
17-03-2026 13:50,28.92,1.51,35.26,7.4,1.33,0.34,27.8,75,4.29,1009.2,0,23.3
17-03-2026 14:00,28.88,1.81,35.27,7.41,1.53,0.76,27.8,75,5.29,1009,0,23.2
17-03-2026 14:10,28.86,1.39,35.26,7.34,1.49,0.3,27.9,74,4.65,1008.7,0,23.1
17-03-2026 14:20,28.86,1.28,35.25,7.28,1.15,-0.06,27.7,74,5.38,1008.6,0,23
17-03-2026 14:30,28.8,1.11,35.24,7.25,1.27,-0.13,28,74,4.4,1008.5,0,23.2
17-03-2026 14:40,28.84,0.74,35.23,7.22,1.08,-0.49,28,70,6.02,1008.2,0,22.4
17-03-2026 14:50,28.81,0.71,35.22,7.23,0.91,-0.33,28.2,74,4.8,1008,0,23.5
17-03-2026 15:00,28.78,0.65,35.21,7.23,1.15,-0.24,28.3,73,5.12,1007.9,0,23.2
17-03-2026 15:10,28.71,0.49,35.21,7.22,1.25,0.08,27.9,72,5.64,1007.7,0,22.7
17-03-2026 15:20,28.74,0.51,35.2,7.21,0.97,-0.64,27.7,74,6.86,1007.6,0,22.9
17-03-2026 15:30,28.73,0.53,35.19,7.2,1.19,-0.31,27.9,72,5.19,1007.6,0,22.7
17-03-2026 15:40,28.71,0.24,35.19,7.2,1.18,-0.55,27.9,73,6.17,1007.5,0,23
17-03-2026 15:50,28.67,0.35,35.18,7.2,1.19,-0.38,28.1,74,6.06,1007.5,0,23.3
17-03-2026 16:00,28.66,0.24,35.17,7.19,0.99,-0.76,28,75,5.74,1007.5,0,23.6
17-03-2026 16:10,28.67,0.26,35.17,7.18,1.29,-0.37,28,74,5.46,1007.4,0,23.2
17-03-2026 16:20,28.65,0.05,35.16,7.1,1.24,-0.74,27.9,73,5.96,1007.4,0,23
17-03-2026 16:30,28.64,0.05,35.16,7.09,1.21,-0.51,28,74,4.61,1007.5,0,23.3
17-03-2026 16:40,28.79,-0.24,35.13,7.5,2.46,1.09,28.2,76,5.05,1007.5,0,23.9
17-03-2026 16:50,28.86,-0.13,35.11,7.79,3.57,3.08,28,75,5.92,1007.4,0,23.5
17-03-2026 17:00,28.78,-0.08,35.11,7.72,3.66,3.5,28.2,75,4.51,1007.5,0,23.6
17-03-2026 17:10,28.72,-0.21,35.1,7.65,3.03,2.78,27.7,75,5.24,1007.4,0,23.1
17-03-2026 17:20,28.66,-0.23,35.1,7.61,2.79,2.82,27.8,75,4.57,1007.5,0,23.4
17-03-2026 17:30,28.64,-0.11,35.1,7.57,2.42,2.34,27.8,76,5.68,1007.6,0,23.6
17-03-2026 17:40,28.61,-0.17,35.09,7.57,3.01,3.15,27.9,77,3.15,1007.8,0,23.9
17-03-2026 17:50,28.6,-0.06,35.08,7.58,3.17,2.72,27.8,77,5.34,1007.8,0,23.6
17-03-2026 18:00,28.56,-0.06,35.07,7.5,2.69,2.72,27.8,76,5.43,1007.9,0,23.6
17-03-2026 18:10,28.51,-0.1,35.07,7.46,2.96,3.07,27.9,78,4.86,1008,0,23.9
17-03-2026 18:20,28.49,0.01,35.06,7.45,3.07,3.08,27.7,77,5.55,1008.1,0,23.7
17-03-2026 18:30,28.43,-0.2,35.06,7.33,2.92,2.35,27.9,77,5.83,1008.1,0,23.7
17-03-2026 18:40,28.37,-0.09,35.06,7.25,2.89,2.47,27.9,75,6.1,1008.1,0,23.4
17-03-2026 18:50,28.37,-0.3,35.05,7.27,2.67,2.42,28.1,77,5.08,1008.3,0,24.1
17-03-2026 19:00,28.37,-0.11,35.05,7.27,2.71,2.58,27.9,78,5.36,1008.4,0,24.2
17-03-2026 19:10,28.37,0.03,35.04,7.2,2.5,2.16,27.9,76,6.59,1008.5,0,23.6
17-03-2026 19:20,28.35,0.06,35.03,7.22,2.74,2.08,27.7,77,6.26,1008.6,0,23.6
17-03-2026 19:30,28.35,-0.15,35.02,7.17,2.62,2.05,27.9,77,6.08,1008.8,0,23.8
17-03-2026 19:40,28.32,0.03,35.02,7.13,2.59,1.98,27.9,77,5.84,1008.9,0,23.7
17-03-2026 19:50,28.3,-0.16,35.01,7.15,2.72,2.02,28,78,4.58,1008.8,0,24
17-03-2026 20:00,28.31,-0.15,35.01,7.16,2.64,2.08,28.2,78,4.51,1009.3,0,24.2
17-03-2026 20:10,28.32,-0.31,35.01,7.18,2.36,1.42,27.7,76,6.01,1009.3,0,23.5
17-03-2026 20:20,28.34,-0.23,35,7.11,2.13,1.53,27.9,77,4.31,1009.5,0,23.8
17-03-2026 20:30,28.3,-0.04,34.99,7.1,2.26,1.34,27.9,78,5.81,1009.6,0,24.1
17-03-2026 20:40,28.25,0.07,34.99,7,2.66,1.7,27.8,78,6.22,1009.6,0,23.9
17-03-2026 20:50,28.23,-0.24,34.98,7.02,2.07,1.42,27.9,78,6.13,1009.8,0,24
17-03-2026 21:00,28.35,-0.48,34.97,7.24,2.17,1.35,27.9,78,4.61,1010,0,24
17-03-2026 21:10,28.41,-0.5,34.96,7.27,2.04,0.95,27.9,78,5.24,1010,0,23.9
17-03-2026 21:20,28.46,-0.33,34.95,7.29,2.48,1.9,27.9,78,6.41,1010,0,24
17-03-2026 21:30,28.51,-0.18,34.92,7.27,2.57,1.53,27.9,78,5.54,1010,0,24
17-03-2026 21:40,28.5,-0.35,34.93,7.26,2.52,1.38,28,78,5.28,1010.3,0,24
17-03-2026 21:50,28.52,-0.2,34.92,7.23,2.1,0.93,28,79,5.32,1010.4,0,24.3
17-03-2026 22:00,28.54,-0.35,34.91,7.24,2.37,1.36,28.1,77,4.59,1010.5,0,24.1
17-03-2026 22:10,28.52,-0.3,34.91,7.24,2.39,1.56,28.2,77,4.89,1010.5,0,24.2
17-03-2026 22:20,28.5,-0.32,34.91,7.26,2.6,1.33,27.9,78,4.66,1010.5,0,24
17-03-2026 22:30,28.51,-0.39,34.9,7.22,2.03,1.5,27.7,77,5.24,1010.6,0,23.6
17-03-2026 22:40,28.49,-0.4,34.9,7.21,2.16,1.31,27.9,78,5.01,1010.5,0,23.9
17-03-2026 22:50,28.5,-0.42,34.89,7.18,2.17,0.99,28,77,4.37,1010.6,0,23.8
17-03-2026 23:00,28.47,-0.28,34.89,7.18,2.21,1.09,27.7,77,5.69,1010.7,0,23.7
17-03-2026 23:10,28.45,-0.37,34.89,7.21,2.09,1.14,27.7,77,5.07,1010.6,0,23.5
17-03-2026 23:20,28.41,-0.53,34.89,7.24,1.91,1.16,27.9,77,5.4,1010.6,0,23.8
17-03-2026 23:30,28.45,-0.42,34.88,7.22,2,0.92,27.7,76,4.77,1010.6,0,23.5
17-03-2026 23:40,28.46,-0.51,34.87,7.23,2.15,1.41,27.9,76,4.02,1010.5,0,23.6
17-03-2026 23:50,28.44,-0.03,34.76,7.11,1.79,0.84,28.1,77,5.25,1010.4,0,23.9
18-03-2026 00:00,28.5,1.17,34.13,6.74,2.07,1.01,27.9,77,5.19,1010.3,0,23.8
18-03-2026 00:10,28.39,2.79,32.68,6.11,2.6,1.94,27.8,77,3.08,1010.1,0,23.7
18-03-2026 00:20,28.52,1.7,33.69,6.65,2.52,1.61,28,77,2.85,1010.2,0,23.8
18-03-2026 00:30,28.45,-0.25,34.73,7.02,1.47,0.24,27.6,78,3.37,1009.9,0,23.6
18-03-2026 00:40,28.45,1.33,33.92,6.73,2.14,1.14,27.7,77,4.88,1009.7,0,23.6
18-03-2026 00:50,28.36,0.97,33.77,6.42,1.95,0.88,27.9,78,5.38,1009.7,0,24.1
18-03-2026 01:00,28.32,1.71,33.37,6.23,1.98,0.75,27.7,79,3.38,1009.7,0,24
18-03-2026 01:10,28.4,0.06,34.53,6.87,1.41,0.42,27.6,78,2.74,1009.5,0,23.7
18-03-2026 01:20,28.27,-0.02,34.51,6.82,1.53,0.29,27.8,78,2.37,1009.3,0,24
18-03-2026 01:30,28.27,-0.39,34.81,7.01,1.61,0.26,27.6,79,3.76,1009.2,0,23.9
18-03-2026 01:40,28.25,-0.38,34.81,6.98,1.35,-0.06,27.6,79,3.64,1009.1,0,23.9
18-03-2026 01:50,28.25,-0.54,34.8,6.95,1.23,-0.36,27.6,78,3.49,1009,0,23.7
18-03-2026 02:00,28.25,-0.44,34.8,6.96,1.35,-0.41,27.6,79,2.7,1008.8,0,23.9
18-03-2026 02:10,28.25,-0.51,34.79,6.95,1.27,-0.19,27.6,79,3.32,1008.7,0,23.9
18-03-2026 02:20,28.25,-0.46,34.78,6.94,1.42,-0.51,27.6,78,3.63,1008.8,0,23.9
18-03-2026 02:30,28.25,-0.6,34.78,6.97,1.42,-0.07,27.4,77,3.67,1008.9,0,23.4
18-03-2026 02:40,28.25,-0.43,34.77,6.96,1.5,-0.39,27.7,78,0.67,1008.9,0,23.8
18-03-2026 02:50,28.24,0.09,34.76,6.93,1.21,-0.36,27.7,77,3.2,1008.9,0,23.6
18-03-2026 03:00,28.24,-0.33,34.75,6.92,1.17,-0.75,27.6,78,3.04,1008.8,0,23.7
18-03-2026 03:10,28.23,-0.4,34.74,6.86,1.33,-0.3,27.5,78,3.29,1008.9,0,23.5
18-03-2026 03:20,28.23,-0.31,34.74,6.82,1.48,-0.28,27.7,78,2,1008.9,0,23.8
18-03-2026 03:30,28.22,-0.38,34.73,6.81,1.28,-0.22,27.4,77,1.01,1008.9,0,23.4
18-03-2026 03:40,28.22,-0.29,34.73,6.74,1.21,-0.47,27.5,77,1.7,1008.9,0,23.4
18-03-2026 03:50,28.21,-0.43,34.72,6.72,1.08,-0.66,27.5,77,2.2,1008.9,0,23.5
18-03-2026 04:00,28.21,-0.38,34.71,6.73,1.03,-0.74,27.5,77,2.2,1009.2,0,23.4
18-03-2026 04:10,28.2,-0.33,34.71,6.7,1.16,-0.86,27.3,77,1.02,1009.4,0,23.3
18-03-2026 04:20,28.19,-0.38,34.7,6.7,1.04,-0.59,27.4,77,2.65,1009.3,0,23.3
18-03-2026 04:30,28.2,-0.04,34.69,6.68,1.37,-0.38,27.5,77,2.34,1009.3,0,23.5
18-03-2026 04:40,28.2,-0.31,34.68,6.64,1.11,-0.55,27.6,78,2.93,1009.3,0,23.6
18-03-2026 04:50,28.2,-0.25,34.68,6.63,1.02,-0.78,27.4,77,2.72,1009.3,0,23.4
18-03-2026 05:00,28.18,-0.2,34.67,6.64,1.08,-0.61,27.3,77,2.95,1009.4,0,23.3
18-03-2026 05:10,28.19,-0.29,34.66,6.6,1.15,-0.71,27.3,77,3.27,1009.5,0,23.2
18-03-2026 05:20,28.19,-0.09,34.66,6.62,1.2,-0.76,27.4,76,1.84,1009.5,0,23.2
18-03-2026 05:30,28.2,-0.12,34.65,6.59,1.17,-0.74,27.6,77,3.18,1009.6,0,23.4
18-03-2026 05:40,28.21,-0.19,34.64,6.65,0.99,-0.77,27.7,77,1.37,1009.7,0,23.6
18-03-2026 05:50,28.12,1.23,34.33,6.4,3.14,1.7,27.4,76,1.19,1009.9,0,23.1
18-03-2026 06:00,28.09,1.85,34.22,6.26,3.86,2.83,27.3,76,1.77,1010,0,23
18-03-2026 06:10,28.12,1.5,34.28,6.2,3.08,1.89,27.4,75,2.18,1010,0,23
18-03-2026 06:20,28.1,1.55,34.3,6.25,3.01,1.8,27.4,75,1.41,1010.1,0,22.9
18-03-2026 06:30,28.08,1.91,34.15,6.21,3.87,2.96,27.4,76,0.72,1010.2,0,23.1
18-03-2026 06:40,28.04,1.87,34.11,6.2,3.88,2.64,27.4,79,1.74,1010.3,0,23.7
18-03-2026 06:50,27.97,2.27,33.91,6.23,4.55,3.91,26.8,80,1.64,1010.3,0,23.4
18-03-2026 07:00,28.01,2.19,33.94,6.19,4.48,3.81,26.7,81,0.97,1010.4,0,23.5
18-03-2026 07:10,27.96,2.5,33.87,6.21,4.33,4.14,26.8,80,0.83,1010.7,0,23.5
18-03-2026 07:20,27.72,2.76,33.34,6.23,5.87,5.34,27,79,1.25,1010.9,0,23.4
18-03-2026 07:30,27.78,3.25,33.15,6.22,6.23,5.34,27.3,78,0.17,1010.9,0,23.4
18-03-2026 07:40,27.85,3.54,33.07,6.3,6.35,5.78,27.9,77,0.41,1011.1,0,23.7
18-03-2026 07:50,27.83,3.99,32.96,6.35,6.79,6.75,27.9,76,0.86,1011.1,0,23.5
18-03-2026 08:00,28.07,4.17,33.23,6.33,6,5.83,28.3,75,1.14,1011,0,23.7
18-03-2026 08:10,28.11,3.41,33.35,6.34,4.66,4.15,28.5,74,0.44,1011.1,0,23.8
18-03-2026 08:20,28.1,3.1,33.41,6.38,4.19,3.46,28.4,74,1.16,1011.2,0,23.7
18-03-2026 08:30,28.01,3.32,33.24,6.4,3.86,3.07,28.2,75,2.32,1011.2,0,23.6
18-03-2026 08:40,28.02,3.4,32.98,6.4,5,4.56,27.9,77,2,1011.5,0,23.7
18-03-2026 08:50,28.15,3.62,33.05,6.44,4.23,3.92,27.8,77,2.47,1011.7,0,23.8
18-03-2026 09:00,28.25,3.98,33.03,6.48,4.91,4.93,27.8,77,2.48,1011.9,0,23.7
18-03-2026 09:10,28.4,3.51,33.04,6.44,3.48,3.04,28.1,76,1.91,1012.2,0,23.9
18-03-2026 09:20,28.52,3.42,33.11,6.46,3.55,2.91,28.1,76,1.98,1012.2,0,23.8
18-03-2026 09:30,28.64,3.27,33.22,6.49,2.93,2.49,28.4,77,2.5,1012.2,0,24.3
18-03-2026 09:40,28.66,3.27,33.33,6.54,3.45,3.87,27.9,75,2.01,1012.2,0,23.4
18-03-2026 09:50,28.69,3.29,33.28,6.55,3.8,3.8,27.9,76,2.13,1012.2,0,23.7
18-03-2026 10:00,28.68,2.93,33.29,6.6,4,4.83,28,77,2.65,1012.3,0,23.9
18-03-2026 10:10,28.67,2.98,33.37,6.63,4.25,4.82,28,78,2.89,1012.4,0,24.1
18-03-2026 10:20,28.71,3.61,33.52,6.76,4.1,6.45,27.7,76,4.19,1012.5,0,23.3
18-03-2026 10:30,28.71,3.68,33.6,6.8,4.48,6.54,28,77,3.56,1012.4,0,23.9
18-03-2026 10:40,28.78,3.22,33.42,6.77,3.46,4.45,27.9,76,3.91,1012.6,0,23.7
18-03-2026 10:50,28.82,2.62,33.54,6.87,3.57,4.63,27.8,77,2.79,1012.4,0,23.8
18-03-2026 11:00,28.91,3.88,33.52,6.97,3.68,6.17,27.8,78,2.92,1012.4,0,23.9
18-03-2026 11:10,29.42,9.17,28.2,4.05,3.04,3.95,28.1,78,1.64,1012.3,0,24.3
18-03-2026 11:20,29.63,8.19,27.73,3.95,2.34,1.98,28,77,2.11,1012.3,0,23.8
18-03-2026 11:30,30.03,12.87,25.4,3.11,2.48,2.26,28,77,2.7,1012.1,0,23.8
18-03-2026 11:40,29.95,10.99,26.56,3.43,2.31,2.46,28,78,3.89,1011.7,0,24
18-03-2026 11:50,29.76,8.88,28.38,4.21,2.56,4.27,28,78,5.04,1011.5,0,24.1
18-03-2026 12:00,29.84,8.59,27.84,4.04,2.47,3.85,27.9,77,4.27,1011.4,0,23.9
18-03-2026 12:10,29.84,8.41,28.05,4.08,2.47,4.15,28,75,4.25,1011.3,0,23.6
18-03-2026 12:20,30.05,8.32,28.18,3.99,2.3,2.93,28,74,3.72,1011.2,0,23.3
18-03-2026 12:30,30.01,7.09,29.63,4.63,2.86,4.95,27.9,75,3.49,1011,0,23.4
18-03-2026 12:40,29.92,5.83,30.89,5.41,3.13,4.98,27.9,76,3.48,1010.9,0,23.5
18-03-2026 12:50,29.89,4.98,32.1,6.18,3.51,5.22,27.9,76,2.49,1010.8,0,23.6
18-03-2026 13:00,29.98,4.79,32.29,6.4,3.38,5.04,28.1,75,3.56,1010.6,0,23.6
18-03-2026 13:10,30.08,4.67,32.1,6.38,3.64,5.57,28.1,77,3.65,1010.5,0,24
18-03-2026 13:20,30.07,3.95,32.11,6.26,3.39,5.28,28.2,77,3.53,1010.3,0,24.2
18-03-2026 13:30,29.31,1.57,33.61,6.81,2.06,2.33,28,76,2.7,1010.2,0,23.8
18-03-2026 13:40,29.24,1.62,33.77,7.08,2.4,2.48,28,76,3.49,1010.1,0,23.7
18-03-2026 13:50,29.02,0.26,34.06,6.83,1.14,-0.03,28.2,77,4.02,1009.9,0,24.1
18-03-2026 14:00,29.06,0.41,34.08,6.9,1.37,0.15,27.9,77,5.23,1009.8,0,23.8
18-03-2026 14:10,29.03,-0.03,34.11,6.81,1.37,0.05,27.9,77,4.75,1009.6,0,23.8
18-03-2026 14:20,29.01,0.16,34.11,6.84,1.08,-0.46,27.9,78,4.76,1009.4,0,23.9
18-03-2026 14:30,28.99,-0.14,34.11,6.82,1,-0.76,28.1,78,4.85,1009.4,0,24.2
18-03-2026 14:40,28.98,-0.01,34.13,6.89,1.23,-0.16,28,77,5.53,1009.3,0,23.9
18-03-2026 14:50,28.9,-0.09,34.13,6.92,1.21,0.16,28.2,77,4.54,1009,0,24.1
18-03-2026 15:00,28.88,-0.26,34.13,6.87,0.87,-0.71,28.1,78,4.11,1009,0,24.1
18-03-2026 15:10,28.83,-0.14,34.13,6.88,1.17,-0.06,28,77,4.45,1008.8,0,24
18-03-2026 15:20,28.82,-0.14,34.13,6.87,1.37,-0.09,27.8,78,5.29,1008.8,0,24
18-03-2026 15:30,28.72,-0.37,34.13,6.77,0.92,-0.75,27.9,77,4.71,1008.7,0,23.9
18-03-2026 15:40,28.68,-0.51,34.13,6.73,0.69,-0.99,27.9,77,5.48,1008.5,0,23.8
18-03-2026 15:50,28.6,-0.55,34.13,6.66,0.66,-1.28,28,78,4.39,1008.3,0,24.2
18-03-2026 16:00,28.51,-0.8,34.12,6.53,0.29,-1.91,27.9,77,5.06,1008.2,0,23.9
18-03-2026 16:10,28.5,-0.75,34.12,6.56,0.14,-1.88,27.8,78,5.67,1008.3,0,24
18-03-2026 16:20,28.43,-0.89,34.1,6.49,0.05,-2.13,27.9,78,3.75,1008.3,0,24
18-03-2026 16:30,28.41,-1.01,34.09,6.43,-0.14,-2.3,27.8,77,4.06,1008.4,0,23.7
18-03-2026 16:40,28.4,-0.91,34.08,6.45,-0.05,-2.2,27.9,77,5.33,1008.4,0,24
18-03-2026 16:50,28.41,-0.95,34.08,6.49,-0.03,-2.17,28.2,77,4.13,1008.5,0,24.1
18-03-2026 17:00,28.38,-1.02,34.06,6.43,-0.14,-2.14,28.1,77,4.96,1008.6,0,24
18-03-2026 17:10,28.37,-0.97,34.06,6.43,-0.04,-2.26,28.2,76,4.52,1008.6,0,24
18-03-2026 17:20,28.88,-0.29,34.07,6.9,1.26,-0.39,28,77,4.2,1008.6,0,23.9
18-03-2026 17:30,28.93,-0.25,34.06,7.03,1.88,0.69,28.3,78,5.44,1008.5,0,24.3
18-03-2026 17:40,29.35,1.16,33.94,7.71,4.23,6.04,28,78,5.63,1008.6,0,24.1
18-03-2026 17:50,29.35,1.6,33.89,7.6,4.8,18.13,28.3,78,4.62,1008.8,0,24.5
18-03-2026 18:00,29.35,1.27,33.88,7.57,4.44,6.78,28,77,4.61,1009,0,24
18-03-2026 18:10,29.35,1.11,33.85,7.54,4.2,5.41,27.8,77,4.47,1008.9,0,23.7
18-03-2026 18:20,29.32,1.26,33.84,7.52,4.12,5.63,27.8,76,4.94,1009,0,23.6
18-03-2026 18:30,29.3,1,33.83,7.48,4.13,6.12,28,77,4.47,1009,0,23.9
18-03-2026 18:40,29.28,0.69,33.86,7.18,2.84,3.5,27.9,77,5.36,1009,0,23.9
18-03-2026 18:50,29.24,0.35,33.83,7.2,3.37,4.17,28.1,78,4.72,1008.9,0,24.2
18-03-2026 19:00,29.24,1,33.84,7.15,3.08,2.93,27.8,77,5.11,1008.9,0,23.8
18-03-2026 19:10,29.26,0.28,33.82,7.13,2.96,2.74,28.3,79,4.93,1009.5,0,24.7
18-03-2026 19:20,29.19,0.79,33.69,7.23,3.54,3.74,27.9,78,4.85,1009.7,0,24.1
18-03-2026 19:30,29.16,0.34,33.75,7.15,2.95,3.2,28.1,79,4.94,1009.9,0,24.5
18-03-2026 19:40,29.13,0.15,33.79,7.11,2.6,2.24,27.8,79,5.56,1010.1,0,24.3
18-03-2026 19:50,29.11,-0.13,33.82,7.09,1.96,1.77,27.8,79,3.72,1010.3,0,24.2
18-03-2026 20:00,29.09,-0.02,33.82,7.04,2.35,1.83,28,79,5.11,1010.4,0,24.5
18-03-2026 20:10,29.06,-0.21,33.86,6.98,1.3,0.4,28.1,80,3.33,1010.7,0,24.6
18-03-2026 20:20,29.07,-0.18,33.84,6.98,1.45,0.39,28.2,80,3.47,1010.7,0,24.6
18-03-2026 20:30,29.05,-0.09,33.86,7.01,1.05,-0.22,28.1,79,4.03,1010.8,0,24.5
18-03-2026 20:40,29.02,-0.48,33.87,7.02,1.44,-0.45,28.2,80,4.4,1011.1,0,24.8
18-03-2026 20:50,29.04,-0.46,33.85,7.08,1.47,0.41,28.3,80,3.18,1011.3,0,24.9
18-03-2026 21:00,29.06,-0.69,33.83,7.08,1.53,-0.12,28,80,3.94,1011.3,0,24.7
18-03-2026 21:10,29.07,-0.62,33.81,7.05,1.35,-0.04,28.2,79,4.68,1011.7,0,24.5
18-03-2026 21:20,29.09,-0.34,33.78,7.05,1.4,0.09,28.1,80,5.27,1011.8,0,24.6
18-03-2026 21:30,29.1,-0.38,33.74,7.04,1.62,0.68,28.1,79,4.97,1012,0,24.3
18-03-2026 21:40,29.09,-0.37,33.71,7.04,1.99,0.66,28.2,78,4.56,1012.1,0,24.3
18-03-2026 21:50,29.07,-0.43,33.67,7.03,1.92,1.19,28.2,79,4.07,1012.2,0,24.5
18-03-2026 22:00,29.07,-0.34,33.64,7.01,2.11,1.39,28.1,78,4.43,1012.1,0,24.3
18-03-2026 22:10,29.05,-0.23,33.62,7.02,2.18,1.5,28.4,79,3.82,1012.2,0,24.8
18-03-2026 22:20,29.01,0.14,33.6,7,2.43,2.32,28.2,78,4.85,1012.1,0,24.4
18-03-2026 22:30,29.01,-0.34,33.6,6.95,2.09,1.34,28,79,4.22,1012.1,0,24.3
18-03-2026 22:40,29.01,-0.01,33.59,6.93,2.35,1.48,27.9,79,5.04,1012.3,0,24.2
18-03-2026 22:50,29,-0.14,33.55,6.95,2.38,1.86,28.3,79,6.1,1012.1,0,24.7
18-03-2026 23:00,28.91,3.16,32.06,5.84,5.02,6.08,28.3,79,4.47,1012.1,0,24.7
18-03-2026 23:10,28.95,3.23,31.84,5.6,4.23,5.82,27.9,80,5.16,1011.5,0,24.4
18-03-2026 23:20,29.03,2.42,32.42,6.06,4.31,4.79,27.9,79,4.92,1011.5,0,24.2
18-03-2026 23:30,29.02,3.51,31.27,5.63,4.53,5.45,28,80,6.15,1011.5,0,24.5
18-03-2026 23:40,29.03,2.18,32.05,6.13,4.17,3.75,27.7,79,6.98,1011.4,0,24.1
18-03-2026 23:50,28.94,5.23,29.84,4.77,4.7,5.11,27.7,78,4.75,1011.3,0,24
19-03-2026 00:00,28.95,4.5,30.42,5.01,4.34,4.92,27.8,80,4.42,1011.2,0,24.3
19-03-2026 00:10,29.06,1.29,32.76,6.26,3.79,3.38,27.8,79,2.98,1011,0,24.2
19-03-2026 00:20,29.03,2.76,31.77,5.75,4.26,4.08,27.7,80,4.06,1010.4,0,24.2
19-03-2026 00:30,28.87,5.32,29.39,4.23,4.14,4.34,27.7,80,4.26,1010.6,0,24.3
19-03-2026 00:40,28.93,5.01,29.7,4.67,3.54,3.43,27.6,80,2.18,1010.4,0,24.2
19-03-2026 00:50,28.92,4.24,30.05,4.73,3.42,2.83,27.8,81,3.74,1010.1,0,24.5
19-03-2026 01:00,28.94,3.57,30.86,4.99,2.95,2.35,27.7,81,3.53,1010.2,0,24.3
19-03-2026 01:10,29.01,1.65,32.13,5.86,2.81,1.51,27.7,81,4.31,1010,0,24.5
19-03-2026 01:20,29,0.99,32.66,6.2,2.86,1.98,27.6,82,4.64,1010,0,24.6
19-03-2026 01:30,28.95,2.45,31.4,5.49,2.62,1.61,27.7,83,3.9,1009.9,0,24.9
19-03-2026 01:40,28.91,3.79,30.47,4.98,2.32,1.2,27.6,83,3.36,1010,0,24.8
19-03-2026 01:50,28.95,3.91,30.21,4.54,2.56,1.77,28,84,3.37,1010.2,0,25.3
19-03-2026 02:00,28.95,2.35,31.39,5.22,2.28,1.1,27.6,83,2.57,1010.4,0,24.8
19-03-2026 02:10,28.94,2.66,31.26,5.42,2.33,1.1,27.7,83,3.21,1010.1,0.08,25
19-03-2026 02:20,28.95,1.66,31.97,5.57,2.07,1.05,27.7,82,4,1010.2,0.08,24.8
19-03-2026 02:30,28.84,4.64,29.95,5.02,2.17,0.9,27.9,82,4.93,1010.2,0.08,25
19-03-2026 02:40,28.73,12.17,25.94,3.4,3.07,2.68,22.6,90,12.25,1010.6,4.16,21.3
19-03-2026 02:50,28.7,3.82,31.81,6.37,2.44,1.16,21.7,94,10.2,1012.1,8.96,21
19-03-2026 03:00,28.63,2.3,30.87,6.07,2.88,2.06,21,93,4.27,1012.1,11.2,20.1
19-03-2026 03:10,28.58,8.03,28.38,5.44,2.56,1.94,21.3,92,1.68,1012.2,11.36,20.3
19-03-2026 03:20,28.66,7.59,28.93,5.33,2.64,2.07,21.2,92,1.13,1012,11.52,20.2
19-03-2026 03:30,28.72,3.2,30.8,5.72,2.57,1.89,21.4,92,2.31,1011.2,11.6,20.4
19-03-2026 03:40,28.66,1.34,31.89,6.06,2.67,1.91,21.7,92,4.56,1010.8,11.6,20.7
19-03-2026 03:50,28.62,3.15,31.53,5.55,2.03,0.87,22,92,8.05,1010.2,12,20.9
19-03-2026 04:00,28.54,4.92,31.15,5.5,2.02,1.18,22.5,91,8.89,1010.2,12,21.3
19-03-2026 04:10,28.42,5.78,30.62,5.77,2.27,1.29,22.8,83,5.05,1010.3,12,20.2
19-03-2026 04:20,28.43,2.14,31.37,5.9,2.26,1.27,24,79,8.35,1010.2,12,20.4
19-03-2026 04:30,NAN,NAN,NAN,NAN,NAN,NAN,25,72,8.25,1010,12,20.1
19-03-2026 04:40,28.37,0.88,31.92,5.98,2.2,0.84,25.9,65,6.94,1010,12,19.2
19-03-2026 04:50,28.38,0.64,32.11,6.03,1.99,0.62,26.4,66,7.18,1010,12,19.8
19-03-2026 05:00,28.35,0.58,32.17,6.06,1.79,0.8,26.7,72,8.5,1010.2,12,21.6
19-03-2026 05:10,28.33,0.13,32.29,6.09,1.74,0.42,26.5,68,7.73,1010.1,12,20.3
19-03-2026 05:20,28.32,0.18,32.34,6.11,1.88,0.65,26.4,68,6.96,1010,12,20.3
19-03-2026 05:30,28.31,0.64,32.42,6.18,1.72,0.44,26.3,72,5,1010.1,12,21.1
19-03-2026 05:40,28.27,0.4,32.42,6.17,1.63,-0.07,25.5,70,6.18,1010.4,0,20
19-03-2026 05:50,28.31,0.07,32.55,6.24,1.4,-0.36,25.6,72,4.62,1010.6,0,20.6
19-03-2026 06:00,28.34,-0.09,32.67,6.29,1.37,-0.3,25.6,74,6.4,1010.7,0,20.9
19-03-2026 06:10,28.35,-0.27,32.77,6.32,1.01,-0.82,25.6,75,6.57,1010.8,0,21.1
19-03-2026 06:20,28.38,-0.33,32.83,6.34,1.02,-1.22,26.2,67,6.91,1010.9,0,20
19-03-2026 06:30,28.34,-0.05,32.81,6.31,0.84,-1.03,26.1,68,5.63,1010.9,0,20.2
19-03-2026 06:40,28.35,-0.45,32.83,6.31,0.8,-1.41,26.2,70,4.64,1011.1,0,20.6
19-03-2026 06:50,28.33,-0.32,32.79,6.3,0.84,-1.5,26.3,71,4.38,1011.4,0,20.9
19-03-2026 07:00,28.31,-0.31,32.76,6.31,0.94,-1.16,26.2,71,4.24,1011.5,0,20.8
19-03-2026 07:10,28.3,-0.3,32.73,6.29,0.68,-0.93,26.1,71,2.24,1011.9,0,20.7
19-03-2026 07:20,28.27,-0.16,32.69,6.24,0.74,-0.84,26.2,72,4.56,1012.2,0,21.2
19-03-2026 07:30,28.25,-0.2,32.67,6.22,0.64,-1.29,26.3,72,3.26,1012.5,0,21.1
19-03-2026 07:40,28.25,-0.25,32.66,6.23,0.65,-1.22,26.6,73,4.35,1012.4,0,21.8
19-03-2026 07:50,28.27,-0.24,32.69,6.24,0.55,-1.45,26.3,69,4.57,1012.6,0,20.6
19-03-2026 08:00,28.27,-0.33,32.74,6.28,0.51,-1.37,26.4,71,4.63,1012.5,0,21
19-03-2026 08:10,28.27,-0.39,32.74,6.25,0.46,-1.57,26.7,73,3.67,1012.4,0,21.8
19-03-2026 08:20,28.25,-0.66,32.75,6.3,0.19,-1.91,26.5,71,4.88,1012.5,0,21.2
19-03-2026 08:30,28.26,-0.41,32.75,6.29,0.39,-1.49,26.5,72,4.38,1012.6,0,21.4
19-03-2026 08:40,28.27,-0.2,32.76,6.32,0.19,-1.69,26.6,70,3.94,1012.6,0,21.1
19-03-2026 08:50,28.31,-0.37,32.76,6.34,0.23,-1.74,26.7,73,2.4,1012.7,0,21.7
19-03-2026 09:00,28.32,-0.4,32.76,6.36,0.33,-1.85,26.9,71,2.98,1012.8,0,21.6
19-03-2026 09:10,28.33,-0.38,32.76,6.41,0.35,-2,26.6,70,2.79,1012.7,0,21
19-03-2026 09:20,28.35,-0.53,32.77,6.41,0.4,-1.63,26.4,73,3.69,1012.6,0,21.4
19-03-2026 09:30,28.38,-0.15,32.82,6.47,0.46,-1.52,26.4,73,3.56,1012.6,0,21.6
19-03-2026 09:40,28.4,-0.1,32.88,6.45,0.39,-1.75,26.4,75,3.81,1012.6,0,22
19-03-2026 09:50,28.43,-0.52,32.9,6.46,0.24,-1.75,26.7,76,3.24,1012.8,0,22.4
19-03-2026 10:00,28.46,-0.46,32.88,6.49,0.24,-1.79,26.4,75,2.71,1012.6,0,22
19-03-2026 10:10,28.52,-0.06,32.86,6.57,0.48,-1.35,26.3,73,2.54,1013,0,21.4
19-03-2026 10:20,28.63,1.22,32.5,6.72,1.32,-0.14,26.5,75,2.78,1013.1,0,21.9
19-03-2026 10:30,28.7,0.47,32.24,6.71,1.33,0.16,26.6,76,3.07,1013.1,0,22.4
19-03-2026 10:40,28.69,0.45,32.27,6.77,1.64,0.3,26.7,76,2.79,1013,0,22.5
19-03-2026 10:50,28.79,0.56,32.2,6.8,1.72,0.62,26.6,75,2.63,1013,0,22.2
19-03-2026 11:00,28.8,0.55,32.17,6.82,1.77,0.72,26.4,75,2.65,1012.9,0,21.9
19-03-2026 11:10,29.29,6.33,28.01,4.04,3.19,3.51,26.7,75,3.92,1012.9,0,22.2
19-03-2026 11:20,29.43,8.46,26.57,3.55,2.88,3.34,26.8,75,2.21,1012.9,0,22.4
19-03-2026 11:30,29.15,3.84,30.17,5.65,3.12,3.68,26.7,75,3.15,1012.7,0,22.2
19-03-2026 11:40,29.41,6.51,28.07,4.64,3.17,3.89,26.7,74,4.21,1012.4,0,22.1
19-03-2026 11:50,29.4,5.24,28.8,5.02,3.98,4.81,26.5,73,4.36,1012.3,0,21.6
19-03-2026 12:00,29.26,3.86,30.04,5.94,3.91,5.13,26.7,73,3.85,1012.2,0,21.8
19-03-2026 12:10,29.28,4.09,29.96,6.09,4.81,6.54,26.8,73,3.5,1011.8,0,22
19-03-2026 12:20,29.27,3.95,30.33,6.33,5.01,6.74,26.7,73,4.18,1011.6,0,21.7
19-03-2026 12:30,29.34,4.32,29.76,6.16,4.58,5.63,26.8,73,2.92,1011.6,0,22
19-03-2026 12:40,29.31,2.55,30.91,6.77,5.57,6.49,26.8,73,5.53,1011.6,0,22
19-03-2026 12:50,29.44,3.06,30.34,6.33,3.63,6.2,27.1,75,5.32,1011.5,0,22.6
19-03-2026 13:00,29.49,3.05,30.57,6.57,5.98,9.53,27.1,75,4.34,1011.3,0,22.7
19-03-2026 13:10,29.56,3.63,29.83,6.22,4.88,7.12,27,75,5.12,1010.9,0,22.5
19-03-2026 13:20,29.61,3.71,30.24,6.47,6.62,9.95,27.3,75,6.26,1010.8,0,22.8
19-03-2026 13:30,29.55,3.43,30.41,6.71,6.81,11.28,27,74,4.32,1010.7,0,22.4
19-03-2026 13:40,29.69,3.23,30.37,6.53,6.19,12.67,26.9,74,4.81,1010.6,0,22.1
19-03-2026 13:50,29.7,2.92,30.56,6.95,6.58,10.13,27.3,74,5.16,1010.3,0,22.6
19-03-2026 14:00,29.83,2.77,30.53,7.13,6.2,13.12,27.3,74,4.66,1010.2,0,22.6
19-03-2026 14:10,29.77,2.88,30.72,7.4,7.22,12.8,27.5,74,5.53,1010.1,0,22.8
19-03-2026 14:20,29.74,2.74,31.01,7.69,7.47,16.56,27.3,73,6.16,1009.8,0,22.4
19-03-2026 14:30,29.71,2.18,31.24,7.87,6.93,12.04,27.3,72,5.57,1009.6,0,22.1
19-03-2026 14:40,29.64,1.91,31.43,8.13,8.48,15.02,27.4,72,6.32,1009.2,0,22.3
19-03-2026 14:50,29.53,1.32,31.71,8.39,8.84,19.19,27.4,73,6.79,1009.1,0,22.4
19-03-2026 15:00,29.41,0.85,31.87,8.48,5.53,12.28,27.1,71,5.42,1009.1,0,21.6
19-03-2026 15:10,29.3,0.77,31.99,8.6,9.3,16.61,27.4,73,5.58,1009,0,22.4
19-03-2026 15:20,29.23,0.65,32.08,8.65,8.56,23.59,27.2,73,7.1,1008.8,0,22.4
19-03-2026 15:30,29.16,0.66,32.13,8.75,10.77,18.45,27,72,5.69,1008.6,0,21.8
19-03-2026 15:40,29.15,0.5,32.18,8.74,10.33,19.42,27.3,73,5.79,1008.4,0,22.3
19-03-2026 15:50,29.14,0.4,32.24,8.6,14.44,21.21,27.2,71,5.09,1008.3,0,21.9
19-03-2026 16:00,29.06,0.15,32.31,8.51,12.7,13.9,27.2,72,7.36,1008.2,0,22.1
19-03-2026 16:10,29,0.03,32.33,8.44,8.71,19.94,26.9,72,4.77,1008.5,0,21.9
19-03-2026 16:20,28.94,-0.42,32.37,8.19,9.03,13.16,27.1,74,4.4,1008.6,0,22.3
19-03-2026 16:30,28.96,-0.22,32.37,8.11,7.44,9.66,27.3,74,5.41,1008.7,0,22.6
19-03-2026 16:40,28.92,-0.46,32.36,8.12,5.7,16.16,27.2,75,6.28,1008.7,0,22.7
19-03-2026 16:50,28.9,-0.36,32.36,8.1,7.46,11.22,27.3,75,4.77,1008.7,0,22.8
19-03-2026 17:00,28.87,-0.43,32.37,7.98,11.09,12.64,27.3,74,3.49,1008.5,0,22.6
19-03-2026 17:10,28.83,-0.56,32.37,7.91,7.44,17.55,27.3,75,3.14,1008.6,0,22.7
19-03-2026 17:20,28.79,-0.47,32.37,7.85,6.37,9.84,27.3,73,4.94,1008.5,0,22.3
19-03-2026 17:30,28.72,-0.69,32.38,7.63,4.28,11.88,27.2,73,3.89,1008.5,0,22.2
19-03-2026 17:40,28.65,-0.76,32.39,7.53,5.33,9.14,27.4,72,4.23,1008.6,0,22.4
19-03-2026 17:50,28.63,-0.8,32.38,7.38,4.16,7.32,27.5,74,3.58,1008.6,0,22.7
19-03-2026 18:00,28.62,-0.81,32.36,7.35,8.94,7.35,27.2,72,5.26,1008.7,0,22.1
19-03-2026 18:10,28.64,-0.87,32.34,7.54,6.57,8.62,27.4,72,3.87,1008.8,0,22.2
19-03-2026 18:20,28.68,-0.82,32.32,7.58,6.91,9.77,27.2,73,4.96,1008.8,0,22.2
19-03-2026 18:30,28.68,-0.89,32.31,7.73,7.8,12.68,27.4,74,4.39,1008.8,0,22.6
19-03-2026 18:40,28.7,-0.85,32.29,7.68,6.72,11.53,27.6,74,3.33,1009,0,22.9
19-03-2026 18:50,29.08,0.22,31.85,8.78,13.32,23.05,27.1,73,4.21,1009,0,22.3
19-03-2026 19:00,29.05,-0.03,31.9,8.68,17.32,43.09,27.4,75,3.66,1009.1,0,22.9
19-03-2026 19:10,28.96,0.08,31.98,8.42,12.26,21.17,27.2,76,4.68,1009.2,0,22.9
19-03-2026 19:20,29.2,0.99,31.6,7.88,11.18,26.12,27.4,77,4.84,1009.3,0,23.3
19-03-2026 19:30,29.24,0.86,31.55,7.79,11.07,22.33,26.9,76,4.02,1009.5,0,22.6
19-03-2026 19:40,29.25,1.12,31.54,7.76,10.89,19.54,27.5,77,3.38,1009.6,0,23.4
19-03-2026 19:50,29.23,1.1,31.56,7.75,10.96,21.47,27.6,78,4.63,1009.7,0,23.7
19-03-2026 20:00,29.21,0.57,31.57,7.89,16.79,23.24,27.1,76,5.75,1009.9,0,22.9
19-03-2026 20:10,29.2,0.88,31.58,7.95,13.65,22.75,27.4,77,5.75,1010.1,0,23.2
19-03-2026 20:20,29.18,0.92,31.65,8.01,12.46,24.49,27.2,76,6.26,1010.4,0,22.9
19-03-2026 20:30,29.18,0.88,31.65,8.01,10.67,26.57,27.4,76,5.24,1010.6,0,23.1
19-03-2026 20:40,29.15,0.44,31.71,8.03,9.41,21.57,27.3,77,5.41,1010.8,0,23.3
19-03-2026 20:50,29.09,0.02,31.76,7.97,13.52,25.22,27.3,77,4.54,1011,0,23.1
19-03-2026 21:00,29.06,0.18,31.77,7.96,15.74,25.59,27.6,76,5.24,1011.3,0,23.3
19-03-2026 21:10,29.05,0.03,31.77,7.91,11.52,20.76,27.3,76,5.2,1011.4,0,22.9
19-03-2026 21:20,29.02,0.24,31.75,7.95,12.96,21.46,27.2,75,4.78,1011.5,0,22.8
19-03-2026 21:30,29.01,0.33,31.74,7.97,12.63,31.99,27.4,76,7.3,1011.4,0,23.2
19-03-2026 21:40,28.99,0.24,31.73,7.92,12.2,22.54,27.2,76,5.49,1011.4,0,23
19-03-2026 21:50,28.97,0.4,31.71,7.96,12.73,21.8,27.4,77,4.95,1011.5,0,23.3
19-03-2026 22:00,28.95,0.11,31.72,7.95,10.69,19.87,27.3,76,4.93,1011.6,0,23.1
19-03-2026 22:10,28.93,-0.07,31.75,7.96,13.15,26.39,27.2,76,4.71,1011.7,0,22.9
19-03-2026 22:20,28.86,-0.04,31.8,7.93,17.89,30.25,27.5,77,4.67,1011.6,0,23.4
19-03-2026 22:30,28.83,-0.17,31.83,7.85,13.93,28.54,27.5,76,4.02,1011.7,0,23.3
19-03-2026 22:40,28.8,-0.03,31.84,7.85,13.95,24.78,27.3,76,5.12,1011.6,0,23.2
19-03-2026 22:50,28.78,-0.24,31.85,7.85,13.77,25.48,27.3,77,5.5,1011.4,0,23.2
19-03-2026 23:00,28.75,-0.14,31.87,7.86,9.81,30.8,27.7,78,4.32,1011.2,0,23.7
19-03-2026 23:10,28.73,-0.21,31.88,7.91,17.7,25.97,27.3,76,4.95,1011.2,0,23.1
19-03-2026 23:20,28.71,-0.29,31.88,7.92,9.48,21.3,27.4,76,4.77,1011,0,23.1
19-03-2026 23:30,28.71,-0.26,31.87,8,13.23,27.27,27.3,76,4.03,1010.8,0,23.1
19-03-2026 23:40,28.7,0.34,31.86,7.98,12.42,26.94,27.6,77,3.18,1010.7,0,23.6
19-03-2026 23:50,28.65,-0.67,31.86,7.8,10.44,23.88,27.1,78,3.21,1010.6,0,23.3
20-03-2026 00:00,28.45,4.85,27.61,4.81,10.34,15.08,27.1,78,5.88,1010.7,0,23.3
20-03-2026 00:10,28.51,11.88,25.99,4.04,7.26,13.67,27.4,78,3.43,1010.7,0,23.6
20-03-2026 00:20,28.56,7.33,26.7,4.57,7.13,14.45,27.6,78,3.98,1010.6,0,23.7
20-03-2026 00:30,28.56,6.67,27.27,4.63,5.86,12.78,27.4,78,5.75,1010.5,0,23.6
20-03-2026 00:40,28.6,10.63,25.11,3.74,6.27,11.21,27,79,2.77,1010.3,0,23.3
20-03-2026 00:50,28.58,12.28,25.11,3.73,5.97,11.49,27.1,79,2.86,1010.2,0,23.4
20-03-2026 01:00,28.54,12.75,24.56,3.13,4.47,11.66,27,79,4.56,1009.7,0,23.4
20-03-2026 01:10,28.62,14.25,24.78,3.45,5.58,12.04,26.9,79,2.93,1009.3,0,23.2
20-03-2026 01:20,28.57,14.22,23.97,3.14,5.74,9.95,27.2,80,4.12,1009.2,0,23.7
20-03-2026 01:30,28.6,14.18,24.27,3.42,5.71,10.42,27.1,80,3.03,1009.1,0,23.6
20-03-2026 01:40,28.48,12.04,24.76,3.59,6.15,11.71,27.1,80,3.85,1009,0,23.6
20-03-2026 01:50,28.56,6.42,27.16,4.81,9.44,10.98,27.1,79,3.12,1009.1,0,23.6
20-03-2026 02:00,28.65,1.83,30.17,6.4,8.87,15.66,26.8,80,2.98,1008.9,0,23.3
20-03-2026 02:10,28.69,0.88,30.88,7.2,8.55,14.05,26.8,79,3.36,1009.1,0,23.2
20-03-2026 02:20,28.65,3.52,28.33,5.35,6.82,11.09,27,79,2.37,1008.9,0,23.3
20-03-2026 02:30,28.64,4.21,28.7,6.18,7.44,12.78,27.1,80,3.1,1008.8,0,23.6
20-03-2026 02:40,28.49,11.09,25.18,4.34,6.33,7.85,27.2,79,3.16,1008.7,0,23.4
20-03-2026 02:50,28.44,12.38,24.71,3.98,5.18,8.18,27.3,79,2.37,1008.9,0,23.5
20-03-2026 03:00,28.54,5.99,27.03,5.01,7.77,9.94,26.9,78,2.55,1009,0,23
20-03-2026 03:10,28.57,1.87,30.17,6.45,8.28,14.51,27,78,2.18,1009.1,0,23.2
20-03-2026 03:20,28.5,17.07,25.15,4.41,8.27,10.78,27,78,2.2,1009.2,0,23.1
20-03-2026 03:30,28.52,8.4,27.24,5.3,7.9,11.44,27.1,78,2.88,1009.3,0,23.2
20-03-2026 03:40,28.49,4.31,29.39,5.99,9.23,12.7,27,78,2.85,1009.1,0,23.1
20-03-2026 03:50,28.49,3.26,29.68,6.42,5.84,11.19,27.1,76,2.76,1008.7,0,22.9
20-03-2026 04:00,28.49,12.06,26.35,5.04,5.11,10.84,27.1,77,1.93,1008.8,0,23.1
20-03-2026 04:10,28.46,12.7,26.18,4.91,6.23,14.67,27.3,77,1.65,1008.9,0,23.1
20-03-2026 04:20,28.48,14.09,24.79,4.77,5.55,8.39,27.1,76,1.69,1008.8,0,22.8
20-03-2026 04:30,28.43,13,25.72,4.55,5.19,8.83,27.1,76,1.26,1008.8,0,22.8
20-03-2026 04:40,28.4,12.04,26.4,4.91,5.72,11.38,27.1,77,2.36,1008.9,0,23
20-03-2026 04:50,28.48,0.52,30.92,6.61,5.48,11.13,27,77,2.17,1009,0,23
20-03-2026 05:00,28.5,8.43,27.95,5.57,5.98,9.38,26.9,78,3.71,1008.8,0,23.2
20-03-2026 05:10,28.48,7.46,28.47,5.82,6.59,10.5,27.1,78,2.8,1008.7,0,23.2
20-03-2026 05:20,28.35,12.28,27.02,5.28,5.42,8.56,27,78,1.98,1008.9,0,23.2
20-03-2026 05:30,28.35,14.05,26.81,5.26,5.08,8.52,26.2,82,2.2,1009.1,0,23.3
20-03-2026 05:40,28.18,14.81,26.37,4.9,4.86,7.59,26,83,2.39,1009.6,0,23.2
20-03-2026 05:50,28.21,9.7,27.49,5.21,4.54,7.3,26,83,3.24,1009.5,0,23.3
20-03-2026 06:00,28.34,6.18,28.67,5.74,5.51,7.76,26,83,1.92,1009.6,0,23.2
20-03-2026 06:10,28.18,3.18,28.81,5.17,5.69,10.39,25.8,83,2.91,1009.6,0,23
20-03-2026 06:20,28.02,3.42,28.48,4.76,5.88,10.39,26.1,84,2.36,1009.8,0,23.4
20-03-2026 06:30,28.18,3.31,28.86,5.32,5.13,8.03,25.9,84,2.89,1010,0,23.3
20-03-2026 06:40,28.09,3.44,29.37,5.83,4.75,7.52,25.7,84,2.7,1010.1,0,23.1
20-03-2026 06:50,28.07,1.88,29.98,6.13,3.91,5.85,25.7,84,3.53,1010.1,0,23.1
20-03-2026 07:00,28.2,-0.4,31.14,7,4.73,6.62,25.6,84,1.79,1010.4,0,23
20-03-2026 07:10,28.42,-0.84,31.47,7.43,5.92,8.58,25.9,83,2.03,1010.6,0,23.2
20-03-2026 07:20,28.43,-1.03,31.5,7.55,5.07,8.06,26,83,3.19,1010.7,0,23.1
20-03-2026 07:30,28.44,-0.88,31.48,7.54,5.41,7.64,26.2,83,2.03,1010.7,0,23.3
20-03-2026 07:40,28.45,-1.06,31.48,7.64,5.73,4.4,26.1,82,2.98,1010.8,0,23.2
20-03-2026 07:50,28.44,-0.9,31.45,7.56,5.24,6.74,26.1,81,2.86,1010.8,0,23
20-03-2026 08:00,28.44,-0.96,31.45,7.71,4.35,6.1,26.4,80,2.44,1010.9,0,23.1
20-03-2026 08:10,28.46,-1.1,31.46,7.75,4.36,5.83,26.6,80,1.74,1011,0,23.2
20-03-2026 08:20,28.47,-1.06,31.44,7.79,4.1,5.28,26.9,78,1.44,1010.9,0,23.1
20-03-2026 08:30,28.46,-1.01,31.45,7.88,3.68,4.83,27,77,1.64,1011,0,23.1
20-03-2026 08:40,28.46,-1.02,31.46,7.9,4.35,4.84,27.2,77,2.89,1011.2,0,23.1
20-03-2026 08:50,28.5,-1.15,31.43,7.89,3.58,3.76,27.4,76,1.57,1011.5,0,23.3
20-03-2026 09:00,28.52,-0.86,31.42,7.88,3.27,3.95,27.5,76,2.25,1011.7,0,23.3
20-03-2026 09:10,28.53,-0.93,31.41,8,3.36,3.68,27.5,76,2.77,1011.9,0,23.3
20-03-2026 09:20,28.57,-1.07,31.41,7.98,2.78,3.12,27.6,76,1.91,1012,0,23.3
20-03-2026 09:30,28.57,-0.74,31.4,7.91,2.63,2.87,27.7,76,2.54,1012,0,23.3
20-03-2026 09:40,28.65,-0.99,31.4,8,2.35,2.56,27.8,75,2.01,1012,0,23.3
20-03-2026 09:50,28.7,-0.91,31.39,8.02,2.44,2.07,27.7,76,2.03,1012,0,23.4
20-03-2026 10:00,28.74,-0.91,31.39,8.09,2.56,2.45,28.1,77,2.63,1012.1,0,24
20-03-2026 10:10,28.8,-0.97,31.38,8.03,2.9,2.43,27.7,77,2.55,1012,0,23.6
20-03-2026 10:20,28.82,-0.8,31.35,8.13,3.44,4.67,27.7,76,2.5,1012.1,0,23.5
20-03-2026 10:30,28.87,-0.88,31.33,8.17,3.25,3.73,27.9,77,2.74,1011.9,0,23.8
20-03-2026 10:40,28.89,-0.83,31.31,8.24,3.6,4.61,27.6,77,4.65,1011.9,0,23.5
20-03-2026 10:50,28.92,-0.95,31.31,8.22,3.16,4.16,27.7,77,3.37,1011.7,0,23.6
20-03-2026 11:00,28.97,-0.72,31.3,8.37,3.07,3.52,27.5,77,3.77,1011.6,0,23.4
20-03-2026 11:10,29.01,-0.99,31.29,8.39,3.71,4.57,27.7,77,3.51,1011.5,0,23.6
20-03-2026 11:20,29.02,-0.88,31.29,8.45,3.45,4.37,27.5,78,3.77,1011.4,0,23.5
20-03-2026 11:30,29.03,-0.78,31.28,8.52,3.63,4.45,27.3,77,4.46,1011.3,0,23.4
20-03-2026 11:40,29.03,-1,31.27,8.53,3.33,3.91,27.5,78,4.33,1010.8,0,23.6
20-03-2026 11:50,29.07,-1.03,31.24,8.54,3.17,3.34,27.5,77,3.97,1010.7,0,23.5
20-03-2026 12:00,29.83,1.1,29.48,6.48,2.69,2.87,27.7,77,4.99,1010.5,0,23.6
20-03-2026 12:10,30,1.76,28.89,5.83,2.46,2.81,27.9,78,4.67,1010.3,0,24.1
20-03-2026 12:20,30.07,1.85,28.57,5.61,2.27,2.18,27.7,77,4.43,1010.1,0,23.7
20-03-2026 12:30,30.13,1.97,28.18,5.42,2.97,3.75,27.7,77,5.49,1010,0,23.6
20-03-2026 12:40,30.17,2.63,27.59,4.98,2.61,2.78,27.8,78,4.67,1009.7,0,23.9
20-03-2026 12:50,30.34,2.96,27.1,4.58,2.07,1.69,28.1,78,4.22,1009.7,0,24.2
20-03-2026 13:00,30.25,2.64,27.22,4.89,2.28,1.81,27.9,77,4.55,1009.4,0,23.8
20-03-2026 13:10,29.9,1.86,28.39,6.25,3.15,3.51,27.5,76,5.91,1009.2,0,23.2
20-03-2026 13:20,30.3,3.12,26.54,4.57,2,1.44,28.1,78,4.76,1009.1,0,24.2
20-03-2026 13:30,29.99,2.27,27.73,5.76,2.42,2.74,28,75,6.02,1008.9,0,23.5
20-03-2026 13:40,30.47,3.94,25.8,3.96,1.73,0.52,27.7,76,4.88,1008.7,0,23.3
20-03-2026 13:50,30.38,3.46,26.19,4.2,2.17,1.05,28,76,4.63,1008.5,0,23.7
20-03-2026 14:00,30.41,3.26,26.53,4.66,2.83,2.36,28.2,76,4.45,1008.4,0,24
20-03-2026 14:10,30.31,3.61,26.22,4.51,2.25,1.3,28,77,5.46,1008.1,0,23.9
20-03-2026 14:20,30.46,3.6,26.17,4.09,2.08,1.56,27.6,76,5.83,1007.9,0,23.5
20-03-2026 14:30,30.46,3.87,25.94,4.11,1.72,0.5,27.9,77,5.72,1007.7,0,23.7
20-03-2026 14:40,30.46,4.15,26.08,3.83,1.41,0.07,27.9,77,5.19,1007.6,0,23.9
20-03-2026 14:50,30.18,3.27,27.12,5.14,2.76,3.81,27.8,77,5.72,1007.6,0,23.7
20-03-2026 15:00,30.3,3.15,27.49,5.3,3.6,4.53,27.9,76,4.2,1007.5,0,23.7
20-03-2026 15:10,30.34,3.22,27.76,5.62,4.09,5.95,28.1,77,4.89,1007.4,0,23.9
20-03-2026 15:20,30.31,2.42,28.48,6.25,5.42,8.55,27.9,77,5.98,1007.3,0,23.9
20-03-2026 15:30,30.32,2.01,28.73,6.46,4.81,7.09,27.9,77,5.34,1007.2,0,23.8
20-03-2026 15:40,30.33,2.43,28.84,6.76,5.28,8.2,28,77,5.6,1007.1,0,23.9
20-03-2026 15:50,30.41,2.72,28.65,6.55,5.43,7.85,27.6,76,5.01,1007.1,0,23.4
20-03-2026 16:00,30.45,2.16,28.92,6.58,5.68,8.62,27.9,77,5.55,1007.1,0,23.8
20-03-2026 16:10,30.26,1.66,29.11,7.19,5.57,8.63,28,76,3.67,1007.1,0,23.8
20-03-2026 16:20,30.19,1.76,29.62,8.05,7.66,11.16,28.2,76,5.66,1007.1,0,23.9
20-03-2026 16:30,30.18,2.37,29.71,7.94,7.98,24.61,28.2,77,5.2,1007.1,0,24.2
20-03-2026 16:40,30.32,1.79,29.46,7.2,7.69,12.92,28.2,78,5.65,1007.2,0,24.2
20-03-2026 16:50,30.21,1.33,29.7,7.84,7.82,9,28.2,78,3.51,1007.2,0,24.4
20-03-2026 17:00,30.14,1.3,29.88,8.3,9.37,15.13,28.1,77,5.07,1007.1,0,24.1
20-03-2026 17:10,29.75,0.04,30.44,9.05,8.42,13.43,28.2,77,3.89,1007.2,0,24.1
20-03-2026 17:20,30.03,1.03,29.92,8.41,8.89,15.38,28,78,3.95,1007.2,0,24.1
20-03-2026 17:30,29.77,0.41,30.27,8.9,7.54,12.04,28.3,78,5.06,1007.3,0,24.4
20-03-2026 17:40,29.69,0.42,30.32,9.19,9.29,16.09,28,78,5.06,1007.3,0,24.1
20-03-2026 17:50,29.62,0.1,30.52,9.54,9.17,16.19,28.1,79,5.21,1007.3,0,24.4
20-03-2026 18:00,29.61,0.27,30.44,9.36,6.55,11.91,28.2,79,5.22,1007.4,0,24.5
20-03-2026 18:10,29.54,0.23,30.53,9.32,7.18,16.59,28.2,80,4.69,1007.5,0,24.8
20-03-2026 18:20,29.51,0.01,30.53,9.21,8.15,13.18,28,80,6.11,1007.6,0,24.6
20-03-2026 18:30,29.48,-0.25,30.54,9.1,8.55,12.91,28,79,5.58,1007.6,0,24.3
20-03-2026 18:40,29.46,-0.13,30.54,9.11,8.96,13.99,28.1,79,5.72,1007.5,0,24.4
20-03-2026 18:50,29.44,1.27,30.53,8.94,7.68,12.04,28.1,78,5.84,1007.5,0,24.3
20-03-2026 19:00,29.42,-0.13,30.54,8.87,5.45,10.55,28.1,78,7.56,1007.5,0,24.3
20-03-2026 19:10,29.41,6.63,30.54,8.84,7.43,12.31,28.5,79,5.33,1007.7,0,24.8
20-03-2026 19:20,29.38,-0.34,30.52,8.65,6.78,9.94,28,79,5.1,1008,0,24.3
20-03-2026 19:30,29.35,-0.41,30.5,8.62,8.13,10.14,27.9,78,6.61,1008,0,24.1
20-03-2026 19:40,29.34,-0.12,30.51,8.6,6.24,10.81,28.1,79,7.84,1008,0,24.3
20-03-2026 19:50,29.31,-0.41,30.5,8.49,6.46,8.96,27.9,79,6.52,1008.1,0,24.2
20-03-2026 20:00,29.28,-0.57,30.51,8.37,7.93,9.19,28,80,7.47,1008.5,0,24.5
20-03-2026 20:10,29.24,-0.49,30.54,8.31,5.09,6.56,27.8,79,6.7,1008.6,0,24.2
20-03-2026 20:20,29.21,-0.75,30.56,8.25,4.13,4.99,27.9,79,7.39,1008.5,0,24.3
20-03-2026 20:30,29.18,-0.77,30.56,8.26,3.96,5.36,27.9,79,6.37,1008.6,0,24.3
20-03-2026 20:40,29.15,-0.86,30.57,8.19,3.65,4.25,27.8,79,6.08,1009.1,0,24.1
20-03-2026 20:50,29.12,-0.91,30.58,8.2,3.38,4.19,28.1,79,6.04,1009.2,0,24.3
20-03-2026 21:00,29.1,-0.73,30.56,8.22,3.6,4,27.9,80,6.61,1009.2,0,24.5
20-03-2026 21:10,29.1,-0.77,30.55,8.25,3.98,4.37,27.7,80,6.36,1009.5,0,24.2
20-03-2026 21:20,29.1,-0.9,30.55,8.36,4.27,4.67,27.9,79,5.24,1009.5,0,24.4
20-03-2026 21:30,29.1,-0.69,30.55,8.36,3.79,4.77,27.8,79,6.68,1009.5,0,24.3
20-03-2026 21:40,29.09,-0.83,30.54,8.36,4,4.98,27.7,80,6.17,1009.6,0,24.1
20-03-2026 21:50,29.09,-1.06,30.54,8.35,3.97,5.02,27.7,79,5.6,1009.6,0,24.2
20-03-2026 22:00,29.1,-0.99,30.52,8.33,4.06,4.82,28.2,79,5.08,1009.5,0,24.6
20-03-2026 22:10,29.1,-0.98,30.51,8.39,3.73,5.12,27.9,79,5.16,1009.7,0,24.2
20-03-2026 22:20,29.1,-0.92,30.48,8.45,2.96,6.16,28,79,5.19,1009.8,0,24.3
20-03-2026 22:30,29.1,-0.86,30.47,8.45,3.14,5.63,27.8,79,5.4,1009.6,0,24.1
20-03-2026 22:40,29.11,-1,30.46,8.49,3.83,6.09,27.9,79,3.46,1009.7,0,24.3
20-03-2026 22:50,29.11,-0.81,30.44,8.51,4.28,6.56,28,79,4.73,1009.7,0,24.3
20-03-2026 23:00,29.11,-1,30.44,8.51,5.28,6.27,27.8,78,5.03,1009.8,0,24
20-03-2026 23:10,29.1,-0.95,30.42,8.56,5.66,5.61,27.9,79,4.13,1009.8,0,24.3
20-03-2026 23:20,29.09,-0.87,30.41,8.54,4.36,7.26,27.7,79,4.38,1009.6,0,24.1
20-03-2026 23:30,29.11,-1.02,30.4,8.52,3.65,6.01,28.1,81,3.88,1009.5,0,24.8
20-03-2026 23:40,29.1,-0.97,30.38,8.61,5.37,6.96,27.9,80,4.36,1009.5,0,24.5
20-03-2026 23:50,28.81,4.61,26,3.84,7.48,12.6,27.8,81,3.97,1009.4,0,24.5
21-03-2026 00:00,28.91,9.34,23.61,3.2,5.58,8.82,27.8,81,3.96,1009.3,0,24.6
21-03-2026 00:10,29.08,7.83,25.18,4.23,6.71,10.95,27.5,81,3.83,1009,0,24.3
21-03-2026 00:20,29.07,11.27,24.05,3.71,6.66,9.61,27.8,81,4.32,1008.8,0,24.6
21-03-2026 00:30,29.06,11.97,23.66,3.62,6.55,9.36,27.5,81,5.1,1008.6,0,24.2
21-03-2026 00:40,29.11,13.41,23.42,3.53,6.78,9.14,27.6,81,5.23,1008.4,0,24.3
21-03-2026 00:50,29.09,14.03,23.34,3.65,6.27,9.21,27.9,82,4.51,1008.4,0,24.8
21-03-2026 01:00,29.11,13.82,23.52,3.74,6.73,9.63,27.8,82,5.27,1008.3,0,24.7
21-03-2026 01:10,29.1,17.15,22.73,3.2,6.81,10.12,27.8,82,3.78,1008.3,0,24.7
21-03-2026 01:20,29.13,20.64,22.19,3.43,6.74,9.64,27.7,82,2.27,1008.3,0,24.6
21-03-2026 01:30,29.13,17.36,22.59,3.4,7.49,9.86,27.6,82,4.36,1008.3,0,24.6
21-03-2026 01:40,29.13,16.36,23.19,3.84,7.85,10.99,27.3,82,5,1008.2,0,24.3
21-03-2026 01:50,29.08,14.87,23.18,3.71,7.96,10.66,27.4,83,3.63,1008.1,0,24.5
21-03-2026 02:00,29.14,13.83,23.62,3.92,8.51,11.66,27.6,83,3.58,1008.2,0,24.8
21-03-2026 02:10,29.11,14.23,23.24,3.49,8.2,11.21,27.5,83,3.9,1008.3,0,24.7
21-03-2026 02:20,29.11,19.05,22.14,3.16,8.15,11.12,27.7,83,3.22,1008.3,0,24.8
21-03-2026 02:30,29.12,14.69,23.87,3.87,9.43,12.8,27.6,83,3,1008.3,0,24.7
21-03-2026 02:40,29.1,14.75,24,4.18,9.61,13.22,27.4,83,2.84,1008.3,0,24.6
21-03-2026 02:50,29.02,19.25,22.28,3.01,8.42,11.51,27.5,83,2.81,1008.2,0,24.7
21-03-2026 03:00,29.06,11.31,25.16,4.46,10.7,14.84,27.6,83,3.71,1008.1,0,24.8
21-03-2026 03:10,29.04,17.42,23.07,3.8,8.58,12.45,27.5,84,3.43,1008.2,0,24.8
21-03-2026 03:20,28.95,20.65,21.8,3.17,8,10.8,27.4,83,4.05,1008.2,0,24.6
21-03-2026 03:30,28.89,23.17,21.58,3.24,7.3,9.93,27.2,82,3.6,1008.2,0,24.2
21-03-2026 03:40,28.87,19.41,22.34,3.5,7.78,10.27,27.3,83,3.48,1008.2,0,24.4
21-03-2026 03:50,28.86,31.11,19.69,2.47,7.13,9.69,27.4,82,3.66,1008.2,0,24.5
21-03-2026 04:00,28.83,29.96,20.27,2.62,7.01,9.22,27.5,83,3.57,1008.1,0,24.5
21-03-2026 04:10,28.87,25.1,21.95,3.45,7.88,11.2,27.5,83,2.55,1008.1,0,24.7
21-03-2026 04:20,28.79,31.49,20.05,2.61,7.4,9.99,27.3,83,3.25,1008.1,0,24.5
21-03-2026 04:30,28.82,21.08,22.75,3.49,7.66,10.64,27.3,84,3.8,1008.2,0,24.6
21-03-2026 04:40,28.78,15.12,24.81,4.42,8.58,12.51,27.2,84,3.26,1008.2,0,24.5
21-03-2026 04:50,28.78,13.18,25.54,4.89,9.33,12.75,27,84,3.58,1008.3,0,24.4
21-03-2026 05:00,28.79,11.49,26.17,5.09,8.99,12.47,26.9,84,3.35,1008.4,0,24.3
21-03-2026 05:10,28.77,12.03,26.11,5.03,9.01,12.72,27.1,85,3.33,1008.5,0,24.6
21-03-2026 05:20,28.68,13.45,25.82,5.05,8.69,12.46,26.9,85,4,1008.6,0,24.4
21-03-2026 05:30,28.64,14.53,25.62,4.97,8.39,12.18,26.7,85,4.21,1008.7,0,24.2
21-03-2026 05:40,28.67,10.28,26.61,5.27,8.77,12.62,26.8,85,3.87,1008.9,0,24.3
21-03-2026 05:50,28.59,6.41,27.76,5.73,8.75,13.62,26.6,85,2.82,1009,0,24.2
21-03-2026 06:00,28.66,3.88,28.43,5.98,8.8,12.58,26.5,85,2.49,1009.2,0,24.1
21-03-2026 06:10,28.63,1.76,28.95,6.32,8.07,11.76,26.6,85,2.76,1009.3,0,24.2
21-03-2026 06:20,28.68,0.85,29.56,6.7,7.53,11.7,26.6,85,2.21,1009.6,0,24.2
21-03-2026 06:30,28.72,0.41,29.92,6.87,7.44,13.28,26.8,85,2.34,1009.8,0,24.4
21-03-2026 06:40,28.71,-0.24,30.02,6.92,6.37,8.61,26.5,85,2.89,1010,0,24.1
21-03-2026 06:50,28.7,-0.38,30.08,6.92,5.51,7.92,26.5,85,2.27,1010,0,24.1
21-03-2026 07:00,28.7,-0.49,30.11,6.83,4.53,5.47,26.6,85,2.35,1010.2,0,24.2
21-03-2026 07:10,28.68,-0.64,30.12,6.75,3.75,4.31,26.9,85,2.81,1010.5,0,24.4
21-03-2026 07:20,28.63,-0.83,30.11,6.74,3.64,5.75,26.8,84,1.56,1010.6,0,24.3
21-03-2026 07:30,28.62,-0.8,30.1,6.83,3.55,4.06,26.8,84,2.86,1010.7,0,24.3
21-03-2026 07:40,28.63,-0.89,30.09,6.73,3.39,3.62,26.9,84,3.22,1010.8,0,24.3
21-03-2026 07:50,28.62,-0.85,30.07,6.73,2.98,3.17,27.1,84,2.68,1010.8,0,24.5
21-03-2026 08:00,28.62,-0.87,30.07,6.75,2.72,2.84,27.2,83,2.56,1010.9,0,24.5
21-03-2026 08:10,28.62,-0.95,30.06,6.79,3.08,2.62,27.4,83,3.49,1010.9,0,24.6
21-03-2026 08:20,28.64,-0.9,30.04,6.79,2.91,2.81,27.5,83,2.87,1011.1,0,24.7
21-03-2026 08:30,28.62,-0.88,30.03,6.84,2.5,2.1,27.6,82,3.43,1011.1,0,24.7
21-03-2026 08:40,28.65,0.03,30.03,6.86,2.63,2.52,27.4,82,4.38,1011.5,0,24.3
21-03-2026 08:50,28.67,-0.97,30.02,6.95,2.44,1.68,27.6,82,2.82,1011.5,0,24.5
21-03-2026 09:00,28.7,-0.96,30,7,2.43,2.32,27.8,82,3.74,1011.6,0,24.8
21-03-2026 09:10,28.72,-0.86,30,6.99,2.45,1.95,27.5,81,3.64,1011.7,0,24.2
21-03-2026 09:20,28.72,-1.11,30.01,7.05,2.37,2.01,27.7,81,3.42,1011.7,0,24.5
21-03-2026 09:30,28.76,-1.01,30.01,7.11,2.73,2.15,27.8,81,4.63,1011.8,0,24.5
21-03-2026 09:40,28.77,-1.01,30,7.09,2.13,1.55,28,81,3.28,1011.8,0,24.8
21-03-2026 09:50,28.76,-1.09,29.99,7.09,1.93,1.17,27.8,81,4.66,1011.8,0,24.6
21-03-2026 10:00,28.75,-1,29.99,7.14,1.76,0.81,27.6,81,5.24,1011.9,0,24.4
21-03-2026 10:10,28.76,-1.14,29.98,7.14,1.71,1.12,27.7,81,4.38,1011.9,0,24.5
21-03-2026 10:20,28.81,-1.1,29.96,7.19,1.84,1.07,27.6,81,5.46,1011.9,0,24.4
21-03-2026 10:30,28.83,-1.02,29.95,7.2,1.73,0.83,27.9,81,5.5,1011.9,0,24.7
21-03-2026 10:40,NAN,NAN,NAN,NAN,NAN,NAN,27.7,82,4.91,1011.9,0,24.6
21-03-2026 10:50,28.9,-1.05,29.93,7.37,1.8,1.32,28,82,4.25,1011.9,0,24.9
21-03-2026 11:00,28.9,-1.08,29.92,7.35,1.96,1.24,27.8,82,5.19,1011.8,0,24.9
21-03-2026 11:10,28.96,-1.12,29.91,7.5,2.1,1.58,28,82,4.33,1011.7,0,25
21-03-2026 11:20,28.96,-1.17,29.92,7.43,2.51,1.87,27.8,83,4.63,1011.6,0,24.9
21-03-2026 11:30,28.98,-1.13,29.93,7.46,2.4,2.07,27.7,82,5.3,1011.6,0,24.8
21-03-2026 11:40,29.01,-0.6,29.92,7.53,2.64,2.42,27.9,83,5.17,1011.3,0,25
21-03-2026 11:50,29.02,-1.18,29.89,7.62,2.47,2.4,27.7,83,5.91,1011.2,0,24.8
21-03-2026 12:00,29.04,-1.19,29.87,7.62,2.31,1.72,27.6,82,5.55,1011.1,0,24.7
21-03-2026 12:10,29.03,-1.13,29.86,7.62,2.77,2.59,27.8,82,5.99,1010.9,0,24.8
21-03-2026 12:20,29.02,-1.15,29.84,7.65,2.84,2.35,27.7,82,6.4,1010.8,0,24.7
21-03-2026 12:30,29.01,-1.15,29.82,7.75,2.77,2.75,27.9,83,5.66,1010.4,0,25
21-03-2026 12:40,28.99,-1.14,29.81,7.58,2.12,1.46,27.9,83,5.04,1010.4,0,25.2
21-03-2026 12:50,29.01,-1.18,29.79,7.64,2.57,2.43,27.7,82,6.87,1010.2,0,24.7
21-03-2026 13:00,29.05,-1.09,29.77,7.81,3.14,3.08,28,83,5.49,1010,0,25.2
21-03-2026 13:10,29.12,-1.23,29.75,7.92,3.24,3.68,28,81,5.55,1009.8,0,24.8
21-03-2026 13:20,29.14,-1.17,29.71,8.02,3.28,3.51,27.7,81,6.68,1009.6,0,24.5
21-03-2026 13:30,29.13,-1.2,29.7,8.04,3.64,4.69,28.2,80,5.47,1009.5,0,24.8
21-03-2026 13:40,29.14,-1.06,29.69,8.11,3.83,4.87,28,80,5.7,1009.4,0,24.5
21-03-2026 13:50,29.16,-1.16,29.67,8.15,4.06,5.11,27.9,80,7.11,1009.2,0,24.4
21-03-2026 14:00,29.15,-1.02,29.66,8.19,4.77,6.12,28.1,79,5.16,1009,0,24.5
21-03-2026 14:10,30.12,1.18,28.47,7.18,5.5,7.78,28,80,5.32,1008.9,0,24.5
21-03-2026 14:20,30.36,1.7,28.16,6.89,5.23,7.57,27.8,79,6.81,1008.8,0,24.1
21-03-2026 14:30,30.49,2.4,27.77,6.54,5.22,7.15,28.4,79,4.31,1008.7,0,24.8
21-03-2026 14:40,30.47,2.67,27.67,6.38,5.34,7.57,28.2,79,4.5,1008.3,0,24.6
21-03-2026 14:50,30.74,3.06,27.07,5.69,5.34,7.21,27.8,78,5.82,1008.4,0,24
21-03-2026 15:00,30.67,2.79,27.47,6.14,5.18,7.15,27.9,78,5.27,1008.2,0,24.1
21-03-2026 15:10,30.68,2.65,27.59,6.25,5.69,7.65,28.3,80,3.92,1008.1,0,25
21-03-2026 15:20,30.46,2.02,28.35,7.34,5.85,8.92,28,79,4.82,1008,0,24.3
21-03-2026 15:30,30.33,3.96,28.71,7.89,7.04,10.5,28,79,4.52,1007.8,0,24.4
21-03-2026 15:40,30.17,1.15,29.01,8.39,7.77,11.79,27.9,79,7.13,1007.9,0,24.3
21-03-2026 15:50,29.69,0.26,29.29,8.64,7.52,11.79,27.9,79,6.8,1007.8,0,24.3
21-03-2026 16:00,29.19,-0.7,29.47,8.52,6.78,11.03,27.8,80,5.37,1007.7,0,24.3
21-03-2026 16:10,29.11,-0.91,29.47,8.45,5.87,6.82,28,79,7.25,1007.6,0,24.5
21-03-2026 16:20,29.08,-0.21,29.45,8.42,9.83,9.22,28,80,5.22,1007.5,0,24.5
21-03-2026 16:30,29.06,-0.83,29.44,8.42,7.28,9.98,27.9,79,7.26,1007.5,0,24.4
21-03-2026 16:40,29.05,0.28,29.42,8.39,4.12,8.55,28.1,79,5.35,1007.5,0,24.5
21-03-2026 16:50,29.07,-0.42,29.4,8.48,8.28,8.56,28.4,80,6.11,1007.5,0,25
21-03-2026 17:00,29.06,-0.25,29.39,8.52,9.17,7.91,27.9,80,5.41,1007.4,0,24.4
21-03-2026 17:10,29.08,-0.37,29.38,8.58,7.72,13.41,28.1,79,6.67,1007.5,0,24.5
21-03-2026 17:20,29.12,-0.58,29.37,8.7,11.28,22.01,28.2,79,6.41,1007.4,0,24.7
21-03-2026 17:30,29.1,-0.58,29.35,8.58,7.81,14.86,28.1,79,5.45,1007.6,0,24.5
21-03-2026 17:40,NAN,NAN,NAN,NAN,NAN,NAN,28.4,80,5.65,1007.7,0,24.9
21-03-2026 17:50,29.05,-0.26,29.31,8.55,8.51,13.61,28.5,79,5.69,1007.9,0,24.8
21-03-2026 18:00,29.07,-0.31,29.3,8.54,10.84,14.08,28,79,6.28,1007.9,0,24.3
21-03-2026 18:10,29.05,-0.1,29.3,8.49,6.97,16.41,28.3,80,4.1,1008.2,0,24.8
21-03-2026 18:20,29.06,-0.43,29.28,8.59,10.34,15.96,28.3,80,4.8,1008.3,0,24.8
21-03-2026 18:30,29.08,-0.79,29.27,8.65,8.82,13.78,28,79,5.28,1008.4,0,24.3
21-03-2026 18:40,29.08,-0.87,29.26,8.66,13.55,16.27,28,78,4.96,1008.5,0,24.3
21-03-2026 18:50,29.07,-0.83,29.24,8.67,9.84,15.57,28,79,4.72,1008.6,0,24.4
21-03-2026 19:00,29.05,-0.94,29.24,8.64,9.92,16.17,28.3,80,4.59,1008.7,0,24.9
21-03-2026 19:10,29.04,-0.92,29.22,8.54,9.89,14.01,28.3,81,4,1008.9,0,25
21-03-2026 19:20,29.02,-0.9,29.19,8.54,7.87,14.71,28.2,81,4.95,1009,0,24.9
21-03-2026 19:30,29.02,-1,29.18,8.56,11.56,14.31,27.9,79,5.08,1009,0,24.2
21-03-2026 19:40,29.03,-0.56,29.17,8.63,6.93,16.01,27.9,80,5.37,1008.9,0,24.4
21-03-2026 19:50,29.02,-0.82,29.16,8.6,6.32,11.43,28,81,4.69,1009,0,24.7
21-03-2026 20:00,29.04,-0.88,29.15,8.65,11.75,13.84,28.3,81,5.27,1009.2,0,25.1
21-03-2026 20:10,29.04,-0.89,29.14,8.64,7.35,12.12,28.1,80,4.55,1009.5,0,24.8
21-03-2026 20:20,29.05,-0.92,29.12,8.67,8.21,9.15,28.1,80,5.33,1009.6,0,24.7
21-03-2026 20:30,29.05,-1.01,29.11,8.68,7.65,12.42,27.9,80,4.86,1009.6,0,24.5
21-03-2026 20:40,29.06,-0.97,29.1,8.68,7.38,15.24,27.9,79,4.88,1009.8,0,24.3
21-03-2026 20:50,29.05,-1.08,29.08,8.7,7.8,11.36,28.2,81,5.2,1009.8,0,24.9
21-03-2026 21:00,29.3,-0.88,28.97,8.45,8.06,7.83,28.2,80,2.96,1009.8,0,24.8
21-03-2026 21:10,29.37,-0.15,28.89,8.4,6.21,8.69,27.9,81,5.4,1009.9,0,24.6
21-03-2026 21:20,29.36,-0.74,28.83,8.42,8.94,9.78,28,80,4.79,1009.9,0,24.6
21-03-2026 21:30,29.44,-0.49,28.6,8.19,8.02,10.49,28,80,4.55,1010,0,24.6
21-03-2026 21:40,29.44,-0.58,28.6,8.25,6.23,8.72,27.8,82,5.62,1010.1,0,24.8
21-03-2026 21:50,29.39,-0.65,28.62,8.25,7.8,9.47,28,81,6.41,1010.1,0,24.8
21-03-2026 22:00,29.4,-0.45,28.59,8.28,7.39,9.6,27.8,82,6.52,1010.1,0,24.7
21-03-2026 22:10,29.37,-0.41,28.61,8.29,8.27,9.35,27.9,81,4.45,1010.2,0,24.7
21-03-2026 22:20,29.29,-0.72,28.63,8.33,7.36,8.39,27.9,81,4.3,1010.3,0,24.7
21-03-2026 22:30,29.26,-0.34,28.42,8.16,7.62,10.21,27.8,82,3.82,1010.3,0,24.8
21-03-2026 22:40,29.34,-0.31,28.48,8.24,11.03,9.83,28.1,82,3.89,1010.2,0,25.1
21-03-2026 22:50,29.32,-0.51,28.42,8.22,6.51,10.22,27.7,81,4.11,1010.2,0,24.4
21-03-2026 23:00,29.3,-0.63,28.47,8.29,5.56,8.72,27.9,81,5.28,1010.1,0,24.8
21-03-2026 23:10,29.25,-0.49,28.3,8.09,7.08,9.45,27.7,82,4.88,1010.1,0,24.7
21-03-2026 23:20,29.26,-0.42,28.34,8.18,6.46,9.22,27.7,82,4.9,1010.1,0,24.6
21-03-2026 23:30,29.27,-0.34,28.39,8.25,6.86,10.85,27.9,82,4.88,1010.2,0,24.9
21-03-2026 23:40,29.24,-0.61,28.4,8.3,6.13,9.32,27.9,81,3.87,1010.2,0,24.7
21-03-2026 23:50,29.15,-0.71,28.36,8.22,4.54,8.95,27.8,82,4.19,1010.3,0,24.8
22-03-2026 00:00,29.19,-0.63,28.39,8.29,6.92,8.8,27.8,81,5.07,1010.2,0,24.6
22-03-2026 00:10,29.18,-0.68,28.42,8.27,10.71,8.3,27.9,82,4.71,1010.1,0,24.9
22-03-2026 00:20,29.17,-0.6,28.45,8.34,7.58,9.12,27.6,81,5.07,1010.2,0,24.4
22-03-2026 00:30,29.14,6.3,23.25,3.05,9.24,11.16,27.5,81,3.48,1010.1,0,24.3
22-03-2026 00:40,29.16,6.75,23.12,2.81,7.62,11.04,27.7,81,4.75,1010,0,24.5
22-03-2026 00:50,29.12,8.88,22.19,2.47,6.77,9.42,27.8,82,4.83,1010,0,24.8
22-03-2026 01:00,NAN,NAN,NAN,NAN,NAN,NAN,28,81,3.16,1010,0,24.8
22-03-2026 01:10,NAN,NAN,NAN,NAN,NAN,NAN,27.9,82,3.44,1009.6,0,24.8
22-03-2026 01:20,29.15,25.22,19.58,1.85,5.96,7.2,27.7,82,4.91,1009.5,0,24.7
22-03-2026 01:30,29.19,21.69,20.41,2.37,6.06,7.17,27.5,81,2.58,1009.5,0,24.3
22-03-2026 01:40,29.16,18.73,21.11,2.84,6,7.08,27.9,83,4.54,1009.2,0,25
22-03-2026 01:50,29.13,13.11,22.5,3.33,6.11,7.26,27.5,81,3.72,1009.3,0,24.3
22-03-2026 02:00,29.17,17.44,21.63,3.01,5.79,7.4,27.6,81,3.64,1009.3,0,24.4
22-03-2026 02:10,29.2,16.03,22.02,3.06,6.12,7.31,27.6,80,2.67,1009.4,0,24.1
22-03-2026 02:20,29.12,15.23,22.39,3.37,5.87,7.15,27.4,81,3.49,1009.4,0,24.1
22-03-2026 02:30,29.1,17.67,21.12,2.77,5.52,6.31,27.5,80,3.51,1009.4,0,24.1
22-03-2026 02:40,29.03,23.12,20.26,2.58,6.16,6.29,27.6,81,3.97,1008.9,0,24.3
22-03-2026 02:50,28.94,21.57,20.49,2.38,5.37,6.01,27.5,81,3.75,1008.9,0,24.4
22-03-2026 03:00,28.95,35.87,17.32,1.4,5.66,6.46,27.4,81,3.77,1008.9,0,24.1
22-03-2026 03:10,28.96,21.83,20.39,2.89,5.45,6.17,27.4,81,2.37,1009.1,0,24.1
22-03-2026 03:20,28.94,28.06,19.58,2.21,5.09,5.89,27.5,80,3.31,1009,0,24
22-03-2026 03:30,28.99,26.87,19.65,2.25,5.4,6.01,27.5,80,2.84,1009.1,0,24.1
22-03-2026 03:40,29.06,12.64,23.21,4.23,5.02,6.23,27.4,81,3.85,1009,0,24.2
22-03-2026 03:50,29.02,9.8,24.62,4.28,5.84,7.52,27.5,80,2.35,1008.8,0,24
22-03-2026 04:00,28.94,2.06,27.27,6.13,6.92,10.82,27.5,79,2.98,1008.9,0,23.9
22-03-2026 04:10,28.85,14.58,23.39,3.73,5.06,6.13,27.6,80,2.82,1009,0,24.2
22-03-2026 04:20,28.81,11.49,23.63,3.81,5.25,6.17,27.2,80,3.65,1008.8,0,23.7
22-03-2026 04:30,28.84,5.36,25.77,5.02,5.52,7.21,27.4,81,4.28,1008.8,0,24.1
22-03-2026 04:40,28.8,8.71,23.43,3.94,4.59,5.65,27.4,81,3.2,1008.9,0,24.3
22-03-2026 04:50,28.67,4.88,25.04,4,5.05,5.88,27.5,81,4.97,1009,0,24.3
22-03-2026 05:00,28.56,4.18,25.82,4.51,4.65,5.9,27.7,81,3.47,1009,0,24.5
22-03-2026 05:10,28.43,2.73,25.61,4.1,3.8,4.2,27.5,81,3.61,1009.1,0,24.3
22-03-2026 05:20,28.56,0.96,27.48,6.07,4.66,6.37,27.6,82,4.52,1009.1,0,24.5
22-03-2026 05:30,28.56,-0.25,28.06,6.74,5.79,6.68,27.2,80,2.24,1009.4,0,23.8
22-03-2026 05:40,28.59,-0.97,28.4,7.15,4.59,6.19,27.4,81,3.86,1009.7,0,24.1
22-03-2026 05:50,28.63,-1.44,28.62,7.25,3.23,6.02,27.3,80,4.66,1009.9,0,23.9
22-03-2026 06:00,28.61,-1.39,28.61,7.19,4.18,4.59,27.3,80,4.12,1010.1,0,23.8
22-03-2026 06:10,28.55,-1.02,28.36,6.9,4.29,4.38,27.6,78,3.31,1010.2,0,23.7
22-03-2026 06:20,28.54,-0.95,28.29,6.85,3.78,3.82,27.6,80,2.93,1010.4,0,24.1
22-03-2026 06:30,28.58,-0.99,28.3,6.81,4.1,3.74,27.4,79,3.1,1010.4,0,23.8
22-03-2026 06:40,28.59,-1.05,28.3,6.81,4.12,4.21,27.8,80,4.2,1010.5,0,24.2
22-03-2026 06:50,28.63,-0.91,28.32,6.84,3.78,3.96,27.7,80,4.49,1010.6,0,24.2
22-03-2026 07:00,28.63,-1.03,28.33,6.86,4.05,4.24,27.6,78,3.22,1010.7,0,23.7
22-03-2026 07:10,28.66,-1.13,28.37,6.94,4.17,4.5,27.7,79,3.15,1011.2,0,24
22-03-2026 07:20,28.7,-1.1,28.34,6.85,3.84,4.07,27.7,78,3.81,1011.2,0,23.9
22-03-2026 07:30,28.72,-1.13,28.32,6.81,3.36,2.77,27.7,78,3.6,1011.3,0,23.9
22-03-2026 07:40,28.74,-1.16,28.31,6.82,2.94,1.91,27.8,77,2.99,1011.4,0,23.8
22-03-2026 07:50,28.77,-1.06,28.32,6.85,2.47,1.48,27.8,79,2.65,1011.5,0,24.2
22-03-2026 08:00,28.8,-1.13,28.3,6.84,2.19,0.9,27.9,79,2.79,1011.7,0,24.3
22-03-2026 08:10,28.85,-0.89,28.14,6.81,2.16,0.54,27.9,78,3,1011.7,0,23.9
22-03-2026 08:20,28.88,-0.96,28.2,6.83,1.69,-0.03,27.7,78,3.07,1011.8,0,23.8
22-03-2026 08:30,28.84,-0.71,27.86,6.86,1.64,-0.24,28.1,78,4.22,1011.8,0,24.2
22-03-2026 08:40,28.87,0.32,27.59,6.73,1.75,0.11,27.9,78,4.59,1012.1,0,24.1
22-03-2026 08:50,28.99,-0.52,27.79,6.85,1.73,0.12,27.8,77,5.05,1012.2,0,23.6
22-03-2026 09:00,29.01,-0.71,27.88,6.9,1.55,-0.19,27.7,77,4.93,1012.3,0,23.6
22-03-2026 09:10,28.99,-0.88,28.07,7,1.12,-0.56,28.1,78,3.73,1012.4,0,24.3
22-03-2026 09:20,29.02,-0.88,28.02,7.02,1.1,-0.96,27.9,77,4.51,1012.5,0,23.9
22-03-2026 09:30,29.09,-0.87,27.94,6.98,1.08,-0.79,27.8,78,3.89,1012.5,0,23.9
22-03-2026 09:40,29.18,-0.74,27.82,6.94,1.05,-0.79,28.1,78,4.27,1012.5,0,24.2
22-03-2026 09:50,29.19,-0.78,27.87,6.9,0.97,-0.79,27.8,78,4.21,1012.5,0,23.9
22-03-2026 10:00,29.2,-0.84,27.94,6.94,0.9,-0.9,28.1,78,4.32,1012.6,0,24.2
22-03-2026 10:10,29.26,-0.9,27.97,6.98,0.87,-0.96,28,77,4.69,1012.7,0,24
22-03-2026 10:20,29.38,-0.67,27.76,6.9,0.84,-1.24,27.7,77,4.11,1012.7,0,23.6
22-03-2026 10:30,29.41,-0.57,27.65,6.85,0.64,-1.37,28,77,3.84,1012.7,0,23.9
22-03-2026 10:40,29.44,-0.46,27.57,6.81,0.7,-1.49,28.1,78,3.73,1012.6,0,24.1
22-03-2026 10:50,29.46,-0.51,27.6,6.85,0.68,-1.53,28.2,78,4.76,1012.4,0,24.3
22-03-2026 11:00,29.47,-0.61,27.64,6.89,0.59,-1.39,27.9,77,4.2,1012.4,0,24
22-03-2026 11:10,29.56,-0.42,27.59,6.87,0.62,-1.58,27.9,77,4.95,1012.4,0,23.9
22-03-2026 11:20,29.53,-0.6,27.59,6.87,0.78,-1.2,28.1,77,4.18,1012.2,0,24.1
22-03-2026 11:30,29.54,-0.6,27.64,6.91,0.82,-1.1,28.3,78,3.8,1012.1,0,24.3
22-03-2026 11:40,29.55,9.43,27.63,6.95,0.83,-1.16,28.3,78,4.84,1011.9,0,24.5
22-03-2026 11:50,29.56,-0.76,27.75,7.05,0.65,-1.29,28.2,79,4.66,1011.7,0,24.4
22-03-2026 12:00,29.61,-0.6,27.68,7.04,0.79,-1.06,27.8,78,5.21,1011.7,0,24
22-03-2026 12:10,29.55,-0.61,27.7,7.09,0.89,-1.04,28,79,4.46,1011.4,0,24.3
22-03-2026 12:20,29.58,-0.46,27.71,7.12,0.87,-0.99,28.1,78,4.65,1011.3,0,24.4
22-03-2026 12:30,29.61,-0.58,27.68,7.14,0.92,-1.05,28.1,79,5.44,1011.1,0,24.4
22-03-2026 12:40,29.54,0.24,27.7,7.2,1.28,-0.46,28.1,77,5.07,1011.1,0,24.1
22-03-2026 12:50,29.56,-0.67,27.73,7.18,1.03,-0.8,28,78,5.33,1010.9,0,24.1
22-03-2026 13:00,29.56,-0.67,27.74,7.21,0.98,-0.92,28.4,79,4.73,1010.7,0,24.8
22-03-2026 13:10,29.52,-0.73,27.76,7.24,0.94,-1.06,28.1,78,4.51,1010.5,0,24.3
22-03-2026 13:20,29.45,-0.88,27.78,7.28,0.92,-0.9,28.3,79,3.8,1010.5,0,24.6
22-03-2026 13:30,29.5,-0.9,27.79,7.2,0.8,-1.23,28.2,77,3.02,1010.4,0,24.2
22-03-2026 13:40,29.52,2.23,27.78,7.23,0.87,-0.97,28.1,78,4.4,1010.2,0,24.3
22-03-2026 13:50,30.85,3.66,24.7,5.13,5.77,8.66,28,77,5.08,1010,0,24.1
22-03-2026 14:00,31.06,4.7,24,4.51,7.19,10.61,28,78,6.13,1009.8,0,24.1
22-03-2026 14:10,31.03,4.63,24.22,4.72,7.06,10.31,28,79,5.37,1009.7,0,24.3
22-03-2026 14:20,31,4.33,24.35,4.86,6.76,9.7,28.1,79,5.27,1009.4,0,24.5
22-03-2026 14:30,30.82,3.34,25.16,5.47,6.05,8.32,28.3,80,4.65,1009.3,0,24.7
22-03-2026 14:40,30.73,2.94,25.41,5.69,5.9,8.7,,,5.4,,,
22-03-2026 14:50,30.83,3.35,25.07,5.43,6.13,9.07,,,,,,
22-03-2026 15:00,30.92,3.94,24.68,5.19,6.67,9.65,,,,,,
22-03-2026 15:10,30.78,2.78,25.39,5.78,6.24,8.48,,,,,,
22-03-2026 15:20,30.79,3.11,25.28,5.74,6.41,9.47,28,79,3.44,1009.2,0,24.3
22-03-2026 15:30,30.49,2.54,25.89,6.04,5.92,8.88,28.1,78,4.73,1009,0,24.4
22-03-2026 15:40,30.45,1.83,26.2,6.29,5.38,7.67,28.1,79,5.2,1008.9,0,24.5
22-03-2026 15:50,30.65,2.54,25.62,5.93,6.16,9.15,28.3,79,4.87,1008.9,0,24.7
22-03-2026 16:00,30.59,2.89,25.6,6.01,6.44,10.23,28.1,79,5.12,1008.8,0,24.5
22-03-2026 16:10,30.51,3.04,25.65,5.83,6.51,9.72,28.5,80,4.83,1008.8,0,25
22-03-2026 16:20,29.61,-0.01,27.29,7,3.2,2.94,28.1,79,3.85,1008.9,0,24.5
22-03-2026 16:30,29.17,-0.93,27.7,7.19,2.32,0.98,28,79,5.14,1008.9,0,24.4
22-03-2026 16:40,29.15,-1.06,27.7,7.17,1.95,0.78,28.2,80,4.53,1008.9,0,24.7
22-03-2026 16:50,29.13,-1.13,27.68,7.15,2,0.58,28.3,80,5.17,1008.8,0,24.9
22-03-2026 17:00,29.11,-1.2,27.67,7.14,2.52,1.09,28.2,80,4.75,1008.9,0,24.8
22-03-2026 17:10,29.08,-1.03,27.66,7.19,2.57,1.32,28,78,5.13,1009,0,24.2
22-03-2026 17:20,29.04,27.37,27.65,7.17,2.43,1.28,28.2,78,3.91,1009.1,0,24.3
22-03-2026 17:30,29.02,-1.09,27.64,7.17,2.09,1.06,28.2,78,6.23,1009.2,0,24.4
22-03-2026 17:40,29,-1.18,27.63,7.16,1.95,0.72,28.4,78,4.72,1009.2,0,24.5
22-03-2026 17:50,28.97,-1.17,27.6,7.13,2.02,0.66,28.3,78,5.41,1009.3,0,24.4
22-03-2026 18:00,28.95,-1.14,27.59,7.11,1.95,0.76,28.2,78,3.88,1009.4,0,24.3
22-03-2026 18:10,28.93,-1.26,27.58,7.12,1.71,0.42,28.1,79,4.58,1009.5,0,24.4
22-03-2026 18:20,28.92,-1.21,27.57,7.13,1.87,0.4,28.2,79,4.5,1009.6,0,24.5
22-03-2026 18:30,28.9,-1.22,27.55,7.09,1.92,0.25,28.2,79,3.68,1009.7,0,24.5
22-03-2026 18:40,28.88,-1.09,27.55,7.1,1.97,0.35,28.4,79,3.6,1009.8,0,24.7
22-03-2026 18:50,28.86,-1.02,27.53,7.08,1.69,0.25,28.1,78,4.12,1009.9,0,24.3
22-03-2026 19:00,28.86,-1.2,27.52,7.06,1.85,0.53,28.1,78,5.23,1009.8,0,24.2
22-03-2026 19:10,28.84,-1.21,27.51,7.03,1.61,-0.06,28.2,78,5.48,1010.1,0,24.4
22-03-2026 19:20,28.82,-1.35,27.49,6.99,1.37,-0.03,28,77,4.33,1010.2,0,24
22-03-2026 19:30,28.81,-1.28,27.48,6.99,1.55,-0.23,28.1,78,4.91,1010.3,0,24.2
22-03-2026 19:40,28.81,-1.27,27.46,6.98,1.48,-0.16,28.3,79,4.56,1010.4,0,24.7
22-03-2026 19:50,28.8,-1.22,27.45,6.95,1.44,-0.58,28,79,4.58,1010.5,0,24.3
22-03-2026 20:00,28.8,-1.24,27.45,6.92,0.91,-0.94,27.8,79,3.74,1010.4,0,24.1
22-03-2026 20:10,28.79,-1.34,27.43,6.9,1.12,-0.72,27.9,79,4.76,1010.5,0,24.3
22-03-2026 20:20,28.78,-1.2,27.42,6.91,1.24,-0.9,28,78,4.37,1010.6,0,24.2
22-03-2026 20:30,28.78,-1.15,27.41,6.92,1.2,-0.77,28.2,78,5.42,1010.6,0,24.4
22-03-2026 20:40,28.78,-1.25,27.39,6.91,1.15,-0.78,28,79,5.41,1010.8,0,24.3
22-03-2026 20:50,28.77,-1.18,27.37,6.87,1.17,-0.84,28,79,5.77,1011,0,24.3
22-03-2026 21:00,28.76,-1.12,27.35,6.88,1.28,-0.75,28,79,4.69,1011.1,0,24.4
22-03-2026 21:10,28.76,0.16,27.34,6.86,1.1,-0.91,28,80,4.5,1011.2,0,24.5
22-03-2026 21:20,28.74,-1.25,27.33,6.88,1.03,-0.97,27.9,80,5.23,1011.3,0,24.5
22-03-2026 21:30,28.75,-1.28,27.32,6.86,1,-1.18,28,80,5.47,1011.2,0,24.5
22-03-2026 21:40,28.93,-0.55,27.3,6.73,1.28,-0.67,28.2,79,3.98,1011.2,0,24.5
22-03-2026 21:50,28.92,-0.98,27.3,6.74,1.42,-0.43,27.9,79,5.18,1011.3,0,24.3
22-03-2026 22:00,28.91,-0.95,27.28,6.7,1.1,-0.81,28.1,79,4.65,1011.3,0,24.4
22-03-2026 22:10,28.93,-1.02,27.26,6.71,0.96,-0.95,27.9,79,6.52,1011.2,0,24.2
22-03-2026 22:20,28.98,-1,27.23,6.67,1.14,-0.66,28.1,78,6.42,1011.3,0,24.3
22-03-2026 22:30,28.94,-0.98,27.22,6.68,1.23,-0.89,28.1,79,5.72,1011.3,0,24.5
22-03-2026 22:40,28.92,-0.74,27.2,6.69,1.32,-0.74,27.9,79,4.49,1011.3,0,24.3
22-03-2026 22:50,28.89,-1.06,27.19,6.69,1.13,-0.99,27.9,79,5.58,1011.3,0,24.2
22-03-2026 23:00,28.88,-0.97,27.18,6.71,1.16,-0.88,28.1,79,6.07,1011.2,0,24.5
22-03-2026 23:10,28.86,-0.77,27.16,6.71,1.16,-0.75,27.7,79,4.33,1011.1,0,24.1
22-03-2026 23:20,28.85,-1.01,27.15,6.72,1.18,-0.83,28.1,79,6.2,1011.1,0,24.3
22-03-2026 23:30,28.86,-0.89,27.13,6.72,1.01,-0.7,28.1,78,5.44,1011.1,0,24.2
22-03-2026 23:40,28.86,-0.99,27.12,6.7,1.26,-0.87,28,79,5.17,1010.9,0,24.2
22-03-2026 23:50,28.87,-0.91,27.1,6.73,1.05,-0.99,27.8,80,4.94,1010.9,0,24.3
23-03-2026 00:00,28.88,-0.99,27.08,6.73,1.13,-0.9,27.6,79,5.79,1010.9,0,23.9
